-- phpMyAdmin SQL Dump
-- version 3.5.2.2
-- http://www.phpmyadmin.net
--
-- Servidor: 127.0.0.1
-- Tiempo de generaci칩n: 22-09-2017 a las 23:18:06
-- Versi칩n del servidor: 5.5.27
-- Versi칩n de PHP: 5.4.7

SET SQL_MODE="NO_AUTO_VALUE_ON_ZERO";
SET time_zone = "+00:00";


/*!40101 SET @OLD_CHARACTER_SET_CLIENT=@@CHARACTER_SET_CLIENT */;
/*!40101 SET @OLD_CHARACTER_SET_RESULTS=@@CHARACTER_SET_RESULTS */;
/*!40101 SET @OLD_COLLATION_CONNECTION=@@COLLATION_CONNECTION */;
/*!40101 SET NAMES utf8 */;

--
-- Base de datos: `restobar`
--

-- --------------------------------------------------------

--
-- Estructura de tabla para la tabla `almacen`
--

CREATE TABLE IF NOT EXISTS `almacen` (
  `idalmacen` int(10) NOT NULL AUTO_INCREMENT,
  `idorg` int(10) NOT NULL,
  `idsede` int(10) NOT NULL,
  `descripcion` varchar(50) NOT NULL,
  `bodega` int(1) NOT NULL DEFAULT '0' COMMENT 'donde estas las gaseosas, cervezas, golosinas helados otros',
  `imprimir_comanda` int(1) NOT NULL DEFAULT '0' COMMENT '1:Si el pedido tiene solo items de este almacen imprime comanda',
  `estado` int(1) NOT NULL DEFAULT '0',
  PRIMARY KEY (`idalmacen`)
) ENGINE=InnoDB  DEFAULT CHARSET=latin1 AUTO_INCREMENT=4 ;

--
-- Volcado de datos para la tabla `almacen`
--

INSERT INTO `almacen` (`idalmacen`, `idorg`, `idsede`, `descripcion`, `bodega`, `imprimir_comanda`, `estado`) VALUES
(1, 1, 1, 'ALMACEN CENTRAL', 0, 0, 0),
(2, 1, 1, 'COCINA', 0, 0, 0),
(3, 1, 1, 'BODEGA', 1, 1, 0);

-- --------------------------------------------------------

--
-- Estructura de tabla para la tabla `almacen_ie`
--

CREATE TABLE IF NOT EXISTS `almacen_ie` (
  `idalmacen_ie` int(10) NOT NULL AUTO_INCREMENT,
  `idorg` int(10) NOT NULL,
  `idsede` int(10) NOT NULL,
  `idusuario` int(10) NOT NULL,
  `tipo` varchar(1) NOT NULL COMMENT '1:entrada 2:salida',
  `fecha` varchar(30) NOT NULL,
  `idalmacen` int(10) NOT NULL,
  `idproducto_motivo_es` int(1) NOT NULL,
  `motivo` char(120) NOT NULL,
  `estado` int(1) NOT NULL DEFAULT '0',
  PRIMARY KEY (`idalmacen_ie`)
) ENGINE=InnoDB  DEFAULT CHARSET=latin1 AUTO_INCREMENT=29 ;

--
-- Volcado de datos para la tabla `almacen_ie`
--

INSERT INTO `almacen_ie` (`idalmacen_ie`, `idorg`, `idsede`, `idusuario`, `tipo`, `fecha`, `idalmacen`, `idproducto_motivo_es`, `motivo`, `estado`) VALUES
(1, 1, 1, 1, '1', '07/04/2017', 3, 0, 'DEVOLUCION', 0),
(2, 1, 1, 1, '1', '07/04/2017', 3, 0, 'DEVOLUCION', 0),
(3, 1, 1, 1, '1', '07/04/2017', 3, 0, 'DEVOLUCION', 0),
(4, 1, 1, 1, '1', '07/04/2017', 3, 0, 'DEVOLUCION', 0),
(5, 1, 1, 1, '2', '07/04/2017', 2, 0, 'CONSUMO DEL PERSONAL', 0),
(6, 1, 1, 1, '2', '07/04/2017', 2, 0, 'CONSUMO DEL PERSONAL', 0),
(7, 1, 1, 1, '1', '07/04/2017', 2, 0, 'DEVOLUCION', 0),
(8, 1, 1, 1, '1', '07/04/2017', 2, 0, 'DEVOLUCION', 0),
(9, 1, 1, 1, '2', '09/05/2017', 1, 0, 'AAAA', 0),
(10, 1, 1, 1, '2', '09/05/2017', 1, 0, '', 0),
(11, 1, 1, 1, '2', '09/05/2017', 1, 0, '', 0),
(12, 1, 1, 1, '2', '09/05/2017', 1, 0, '', 0),
(13, 1, 1, 1, '2', '09/05/2017', 1, 0, '', 0),
(14, 1, 1, 1, '2', '09/05/2017', 1, 0, '', 0),
(15, 1, 1, 1, '2', '09/05/2017', 1, 0, '', 0),
(16, 1, 1, 1, '2', '13/05/2017', 3, 0, 'VENCIDOS', 0),
(17, 1, 1, 1, '2', '13/05/2017', 3, 0, 'AAA', 0),
(18, 1, 1, 1, '2', '13/05/2017', 3, 0, 'VENCIMIENTO', 0),
(19, 1, 1, 1, '2', '13/05/2017', 3, 0, '', 0),
(20, 1, 1, 1, '1', '13/05/2017', 3, 0, 'BONIFICACION DEL PROVEEDOR', 0),
(21, 1, 1, 1, '2', '13/05/2017', 2, 0, 'ALMUERZO', 0),
(22, 1, 1, 1, '1', '13/05/2017', 2, 0, '', 0),
(23, 1, 1, 1, '1', '18/05/2017', 3, 0, '', 0),
(24, 1, 1, 1, '2', '18/05/2017', 3, 0, '', 0),
(25, 1, 1, 1, '2', '18/05/2017', 3, 4, 'VENCIMIENTO', 0),
(26, 1, 1, 1, '2', '18/05/2017', 1, 4, '', 0),
(27, 1, 1, 1, '2', '18/05/2017', 3, 4, '', 0),
(28, 1, 1, 1, '2', '18/05/2017', 3, 5, 'BRINDIS POR BUENAS VENTAS', 0);

--
-- Disparadores `almacen_ie`
--
DROP TRIGGER IF EXISTS `kardex_ingreso_almacen`;
DELIMITER //
CREATE TRIGGER `kardex_ingreso_almacen` AFTER INSERT ON `almacen_ie`
 FOR EACH ROW insert into kardex (idoperacion,idorg,idsede,idalmacen,tipo_operacion,fecha,documento)
values (concat('A',new.idalmacen_ie), new.idorg,new.idsede,new.idalmacen,new.tipo,new.fecha,new.motivo)
//
DELIMITER ;

-- --------------------------------------------------------

--
-- Estructura de tabla para la tabla `almacen_ie_detalle`
--

CREATE TABLE IF NOT EXISTS `almacen_ie_detalle` (
  `idalmacen_ie_detalle` int(10) NOT NULL AUTO_INCREMENT,
  `idalmacen_ie` int(10) NOT NULL,
  `idp` int(11) NOT NULL COMMENT 'producto / porcion',
  `procede` int(1) NOT NULL COMMENT '0:porducto 1:porcion',
  `cantidad` varchar(10) NOT NULL,
  `estado` int(1) NOT NULL DEFAULT '0',
  PRIMARY KEY (`idalmacen_ie_detalle`)
) ENGINE=InnoDB  DEFAULT CHARSET=latin1 AUTO_INCREMENT=25 ;

--
-- Volcado de datos para la tabla `almacen_ie_detalle`
--

INSERT INTO `almacen_ie_detalle` (`idalmacen_ie_detalle`, `idalmacen_ie`, `idp`, `procede`, `cantidad`, `estado`) VALUES
(1, 2, 57, 0, '1', 0),
(2, 3, 57, 0, '1', 0),
(3, 4, 32, 0, '2', 0),
(4, 4, 57, 0, '1', 0),
(5, 5, 2, 1, '-2', 0),
(6, 6, 2, 1, '-1', 0),
(7, 8, 2, 1, '1', 0),
(8, 9, 35, 0, '-2', 0),
(9, 10, 35, 0, '1', 0),
(10, 13, 35, 0, '-5', 0),
(11, 18, 59, 0, '-2', 0),
(12, 19, 78, 0, '-2', 0),
(13, 19, 59, 0, '-5', 0),
(14, 20, 78, 0, '2', 0),
(15, 20, 59, 0, '5', 0),
(16, 21, 3, 1, '-6', 0),
(17, 22, 3, 1, '20', 0),
(18, 23, 39, 0, '10', 0),
(19, 24, 39, 0, '-5', 0),
(20, 25, 39, 0, '-5', 0),
(21, 26, 81, 0, '-6', 0),
(22, 27, 81, 0, '-6', 0),
(23, 28, 59, 0, '-2', 0),
(24, 28, 63, 0, '-10', 0);

--
-- Disparadores `almacen_ie_detalle`
--
DROP TRIGGER IF EXISTS `stock_insert_almacen_i`;
DELIMITER //
CREATE TRIGGER `stock_insert_almacen_i` BEFORE INSERT ON `almacen_ie_detalle`
 FOR EACH ROW IF new.procede=0 THEN
UPDATE producto_stock SET stock = stock + new.cantidad WHERE idproducto=new.idp and idalmacen=(select idalmacen from almacen_ie where idalmacen_ie=new.idalmacen_ie);
else
update porcion set stock=stock+new.cantidad where idporcion=new.idp;
END IF
//
DELIMITER ;

-- --------------------------------------------------------

--
-- Estructura de tabla para la tabla `almacen_items`
--

CREATE TABLE IF NOT EXISTS `almacen_items` (
  `idalmacen_items` int(10) NOT NULL AUTO_INCREMENT,
  `idalmacen` int(10) NOT NULL,
  `idproducto` int(10) NOT NULL,
  `stock` varchar(10) NOT NULL,
  `f_ingreso` varchar(50) NOT NULL,
  `estado` int(1) NOT NULL DEFAULT '0',
  PRIMARY KEY (`idalmacen_items`)
) ENGINE=InnoDB  DEFAULT CHARSET=latin1 AUTO_INCREMENT=187 ;

--
-- Volcado de datos para la tabla `almacen_items`
--

INSERT INTO `almacen_items` (`idalmacen_items`, `idalmacen`, `idproducto`, `stock`, `f_ingreso`, `estado`) VALUES
(1, 2, 1, '0', '30/01/2017', 0),
(2, 2, 2, '0', '30/01/2017', 0),
(3, 2, 3, '0', '30/01/2017', 0),
(4, 2, 4, '0', '30/01/2017', 0),
(5, 2, 5, '0', '30/01/2017', 0),
(6, 2, 6, '0', '30/01/2017', 0),
(7, 2, 7, '0', '30/01/2017', 0),
(8, 2, 8, '0', '30/01/2017', 1),
(9, 2, 9, '0', '30/01/2017', 0),
(10, 2, 10, '0', '30/01/2017', 0),
(11, 3, 11, '0', '30/01/2017', 0),
(12, 3, 12, '0', '30/01/2017', 0),
(13, 3, 13, '0', '30/01/2017', 0),
(14, 3, 14, '-2', '30/01/2017', 0),
(15, 3, 15, '5', '30/01/2017', 0),
(16, 3, 16, '1', '30/01/2017', 0),
(17, 3, 17, '-1', '30/01/2017', 0),
(18, 3, 18, '-1', '30/01/2017', 0),
(19, 3, 19, '-1', '30/01/2017', 0),
(20, 3, 20, '-3', '30/01/2017', 0),
(21, 3, 21, '-9', '30/01/2017', 0),
(22, 3, 22, '-5', '30/01/2017', 0),
(23, 3, 23, '1', '30/01/2017', 0),
(24, 3, 24, '6', '30/01/2017', 0),
(25, 3, 25, '7', '30/01/2017', 0),
(26, 3, 26, '21', '30/01/2017', 0),
(27, 3, 27, '40', '30/01/2017', 0),
(28, 3, 28, '35', '30/01/2017', 0),
(29, 3, 29, '36', '30/01/2017', 0),
(30, 3, 30, '32', '30/01/2017', 0),
(31, 3, 31, '7', '30/01/2017', 0),
(32, 3, 32, '-32', '30/01/2017', 0),
(33, 3, 33, '-13', '30/01/2017', 0),
(34, 3, 34, '-14', '30/01/2017', 0),
(35, 3, 35, '-12', '30/01/2017', 0),
(36, 3, 36, '6', '30/01/2017', 0),
(37, 3, 37, '6', '30/01/2017', 0),
(38, 3, 38, '23', '30/01/2017', 0),
(39, 3, 39, '-30', '30/01/2017', 0),
(40, 3, 40, '-31', '30/01/2017', 0),
(41, 3, 41, '-39', '30/01/2017', 0),
(42, 3, 42, '-35', '30/01/2017', 0),
(43, 2, 6, '0', '31/01/2017', 0),
(44, 2, 4, '4200', '31/01/2017', 0),
(45, 2, 43, '2000', '31/01/2017', 0),
(46, 2, 44, '2000', '31/01/2017', 0),
(47, 2, 45, '2', '31/01/2017', 0),
(48, 2, 46, '0', '31/01/2017', 0),
(49, 2, 47, '1000', '31/01/2017', 0),
(50, 2, 48, '1', '31/01/2017', 0),
(51, 3, 49, '-1', '31/01/2017', 0),
(52, 3, 50, '-50', '31/01/2017', 0),
(53, 3, 51, '-1', '31/01/2017', 0),
(54, 2, 8, '-13', '01/02/2017', 1),
(55, 2, 6, '-4', '01/02/2017', 0),
(56, 2, 7, '0', '01/02/2017', 0),
(57, 2, 43, '3970', '01/02/2017', 0),
(58, 2, 44, '979', '01/02/2017', 0),
(59, 2, 45, '-41', '01/02/2017', 0),
(60, 2, 10, '0', '01/02/2017', 0),
(61, 3, 52, '88', '02/02/2017', 0),
(62, 3, 18, '-5', '02/02/2017', 0),
(63, 3, 53, '3', '02/02/2017', 0),
(64, 3, 22, '2', '02/02/2017', 0),
(65, 3, 54, '-1', '02/02/2017', 0),
(66, 3, 55, '6', '02/02/2017', 0),
(67, 1, 33, '12', '03/02/2017', 0),
(68, 1, 42, '24', '03/02/2017', 0),
(69, 1, 56, '2', '03/02/2017', 1),
(70, 3, 33, '12', '03/02/2017', 0),
(71, 3, 42, '24', '03/02/2017', 0),
(72, 3, 41, '24', '04/02/2017', 0),
(73, 3, 40, '12', '04/02/2017', 0),
(74, 3, 35, '-4', '04/02/2017', 0),
(75, 3, 34, '-3', '04/02/2017', 0),
(76, 3, 57, '-4', '04/02/2017', 0),
(77, 2, 8, '0', '05/02/2017', 1),
(78, 2, 9, '0', '05/02/2017', 0),
(79, 2, 5, '0', '05/02/2017', 0),
(80, 3, 58, '-2', '05/02/2017', 0),
(81, 2, 8, '0', '07/02/2017', 1),
(82, 2, 9, '0', '07/02/2017', 0),
(83, 2, 6, '0', '07/02/2017', 0),
(84, 2, 8, '0', '10/02/2017', 1),
(85, 2, 9, '0', '10/02/2017', 0),
(86, 3, 59, '43', '11/02/2017', 0),
(87, 3, 61, '10', '11/02/2017', 0),
(88, 3, 58, '12', '11/02/2017', 0),
(89, 3, 62, '0', '11/02/2017', 0),
(90, 3, 63, '0', '11/02/2017', 0),
(91, 3, 64, '3', '11/02/2017', 0),
(92, 3, 65, '9', '11/02/2017', 0),
(93, 2, 66, '0', '11/02/2017', 0),
(94, 2, 67, '0', '11/02/2017', 0),
(95, 3, 40, '12', '12/02/2017', 0),
(96, 3, 41, '12', '12/02/2017', 0),
(97, 3, 57, '12', '12/02/2017', 0),
(98, 3, 39, '30', '12/02/2017', 0),
(99, 3, 34, '6', '12/02/2017', 0),
(100, 3, 35, '6', '12/02/2017', 0),
(101, 2, 8, '0', '12/02/2017', 1),
(102, 2, 9, '0', '12/02/2017', 0),
(103, 2, 4, '3000', '12/02/2017', 0),
(104, 2, 5, '0', '12/02/2017', 0),
(105, 2, 6, '0', '13/02/2017', 0),
(106, 3, 74, '12', '14/02/2017', 0),
(107, 3, 75, '0', '14/02/2017', 0),
(108, 2, 8, '0', '15/02/2017', 1),
(109, 2, 9, '0', '15/02/2017', 0),
(110, 2, 7, '0', '15/02/2017', 0),
(111, 2, 8, '0', '16/02/2017', 1),
(112, 2, 9, '0', '16/02/2017', 0),
(113, 2, 6, '0', '16/02/2017', 0),
(114, 2, 5, '0', '16/02/2017', 0),
(115, 2, 10, '0', '16/02/2017', 0),
(116, 3, 11, '13', '16/02/2017', 0),
(117, 3, 11, '6', '16/02/2017', 0),
(118, 3, 13, '12', '16/02/2017', 0),
(119, 3, 18, '6', '16/02/2017', 0),
(120, 3, 19, '6', '16/02/2017', 0),
(121, 3, 20, '6', '16/02/2017', 0),
(122, 3, 24, '30', '16/02/2017', 0),
(123, 3, 21, '18', '16/02/2017', 0),
(124, 3, 17, '9', '16/02/2017', 0),
(125, 3, 55, '06', '16/02/2017', 0),
(126, 3, 54, '06', '16/02/2017', 0),
(127, 3, 22, '06', '16/02/2017', 0),
(128, 3, 22, '06', '16/02/2017', 0),
(129, 3, 52, '100', '16/02/2017', 0),
(130, 3, 14, '12', '16/02/2017', 0),
(131, 1, 32, '50', '17/02/2017', 0),
(132, 1, 33, '12', '17/02/2017', 0),
(133, 1, 42, '12', '17/02/2017', 0),
(134, 3, 32, '60', '17/02/2017', 0),
(135, 3, 33, '12', '17/02/2017', 0),
(136, 3, 42, '12', '17/02/2017', 0),
(137, 3, 40, '12', '17/02/2017', 0),
(138, 3, 41, '12', '17/02/2017', 0),
(139, 3, 57, '12', '17/02/2017', 0),
(140, 3, 34, '6', '17/02/2017', 0),
(141, 2, 8, '0', '17/02/2017', 1),
(142, 2, 9, '0', '17/02/2017', 0),
(143, 3, 76, '1', '17/02/2017', 0),
(144, 2, 8, '0', '18/02/2017', 1),
(145, 2, 67, '0', '18/02/2017', 0),
(146, 2, 66, '0', '18/02/2017', 0),
(147, 2, 34, '0', '18/02/2017', 0),
(148, 3, 34, '4', '18/02/2017', 0),
(149, 2, 8, '0', '19/02/2017', 1),
(150, 2, 9, '0', '19/02/2017', 0),
(151, 2, 6, '0', '19/02/2017', 0),
(152, 2, 7, '0', '19/02/2017', 0),
(153, 2, 77, '0', '02/03/2017', 0),
(154, 2, 77, '0', '02/03/2017', 0),
(155, 2, 8, '0', '02/03/2017', 1),
(156, 2, 9, '0', '02/03/2017', 0),
(157, 2, 10, '0', '02/03/2017', 0),
(158, 3, 76, '1', '07/04/2017', 0),
(159, 3, 57, '1', '07/04/2017', 0),
(160, 3, 57, '-1', '07/04/2017', 0),
(161, 3, 57, '-1', '07/04/2017', 0),
(162, 3, 57, '1', '07/04/2017', 0),
(163, 3, 57, '1', '07/04/2017', 0),
(164, 3, 32, '2', '07/04/2017', 0),
(165, 3, 57, '1', '07/04/2017', 0),
(166, 3, 34, '15', '09/05/2017', 0),
(167, 3, 35, '12', '09/05/2017', 0),
(168, 1, 35, '-2', '09/05/2017', 0),
(169, 1, 35, '1', '09/05/2017', 0),
(170, 1, 35, '-2', '09/05/2017', 0),
(171, 1, 35, '-2', '09/05/2017', 0),
(172, 1, 35, '-5', '09/05/2017', 0),
(173, 1, 35, '-3', '09/05/2017', 0),
(174, 1, 35, '-6', '09/05/2017', 0),
(175, 3, 59, '12', '13/05/2017', 0),
(176, 3, 78, '10', '13/05/2017', 0),
(177, 3, 59, '-2', '13/05/2017', 0),
(178, 3, 59, '12', '13/05/2017', 0),
(179, 3, 59, '12', '13/05/2017', 0),
(180, 2, 8, '1000', '17/05/2017', 1),
(181, 2, 79, '30', '17/05/2017', 0),
(182, 2, 8, '2000', '17/05/2017', 1),
(183, 2, 39, '15', '17/05/2017', 0),
(184, 3, 39, '30', '17/05/2017', 0),
(185, 2, 80, '5', '17/05/2017', 0),
(186, 2, 87, '5000', '15/06/2017', 0);

-- --------------------------------------------------------

--
-- Estructura de tabla para la tabla `almacen_motivo_es`
--

CREATE TABLE IF NOT EXISTS `almacen_motivo_es` (
  `idalmacen_motivo_es` int(1) NOT NULL AUTO_INCREMENT,
  `motivo` char(50) NOT NULL,
  `tipo` int(1) NOT NULL COMMENT '1: ENTRADA 2:SALIDAS',
  `estado` int(1) NOT NULL DEFAULT '0',
  KEY `idproducto_motivo_es` (`idalmacen_motivo_es`)
) ENGINE=InnoDB  DEFAULT CHARSET=latin1 AUTO_INCREMENT=7 ;

--
-- Volcado de datos para la tabla `almacen_motivo_es`
--

INSERT INTO `almacen_motivo_es` (`idalmacen_motivo_es`, `motivo`, `tipo`, `estado`) VALUES
(1, 'COMPRAS', 1, 0),
(2, 'DEVOLUCIONES', 1, 0),
(3, 'VENTAS', 2, 0),
(4, 'DETERIORO', 2, 0),
(5, 'CONSUMO DEL PERSONAL', 2, 0),
(6, 'BONIFICACIONES', 1, 0);

-- --------------------------------------------------------

--
-- Estructura de tabla para la tabla `carta`
--

CREATE TABLE IF NOT EXISTS `carta` (
  `idcarta` int(10) NOT NULL AUTO_INCREMENT,
  `idorg` int(10) NOT NULL,
  `idsede` int(10) NOT NULL,
  `idcategoria` int(10) NOT NULL,
  `fecha` varchar(25) NOT NULL,
  `estado` int(1) NOT NULL DEFAULT '0',
  PRIMARY KEY (`idcarta`)
) ENGINE=InnoDB  DEFAULT CHARSET=latin1 AUTO_INCREMENT=19 ;

--
-- Volcado de datos para la tabla `carta`
--

INSERT INTO `carta` (`idcarta`, `idorg`, `idsede`, `idcategoria`, `fecha`, `estado`) VALUES
(1, 1, 1, 1, '25/02/2017', 0),
(2, 1, 1, 1, '26/02/2017', 0),
(3, 1, 1, 1, '27/02/2017', 0),
(4, 1, 1, 1, '02/03/2017', 0),
(5, 1, 1, 1, '03/03/2017', 0),
(6, 1, 1, 1, '16/03/2017', 0),
(7, 1, 1, 1, '25/03/2017', 0),
(8, 1, 1, 1, '12/04/2017', 0),
(9, 1, 1, 1, '04/05/2017', 0),
(10, 1, 1, 1, '13/05/2017', 0),
(11, 1, 1, 1, '18/05/2017', 0),
(12, 1, 1, 1, '19/05/2017', 0),
(13, 1, 1, 1, '01/06/2017', 0),
(14, 1, 1, 1, '05/06/2017', 0),
(15, 1, 1, 1, '15/06/2017', 0),
(16, 1, 1, 1, '22/08/2017', 0),
(17, 1, 1, 1, '29/08/2017', 0),
(18, 1, 1, 1, '30/08/2017', 0);

-- --------------------------------------------------------

--
-- Estructura de tabla para la tabla `carta_lista`
--

CREATE TABLE IF NOT EXISTS `carta_lista` (
  `idcarta_lista` char(20) NOT NULL,
  `idcarta` int(10) NOT NULL,
  `idseccion` int(10) NOT NULL,
  `iditem` int(10) NOT NULL,
  `precio` varchar(10) NOT NULL,
  `cantidad` char(10) NOT NULL,
  `cant_preparado` char(10) NOT NULL,
  `sec_orden` int(2) NOT NULL,
  `estado` int(1) NOT NULL DEFAULT '0'
) ENGINE=InnoDB DEFAULT CHARSET=latin1;

--
-- Volcado de datos para la tabla `carta_lista`
--

INSERT INTO `carta_lista` (`idcarta_lista`, `idcarta`, `idseccion`, `iditem`, `precio`, `cantidad`, `cant_preparado`, `sec_orden`, `estado`) VALUES
('1160', 18, 9, 60, '2.00', 'ND', 'ND', 1, 0),
('1159', 18, 9, 59, '2.00', 'ND', 'ND', 1, 0),
('112', 18, 10, 2, '10.00', 'ND', 'ND', 2, 0),
('1163', 18, 10, 63, '10.00', 'ND', 'ND', 2, 0),
('1111', 18, 10, 11, '20.00', 'ND', 'ND', 2, 0),
('119', 18, 10, 9, '15.00', '0', '0', 2, 0),
('1161', 18, 10, 61, '10.00', '0', '0', 2, 0),
('1162', 18, 10, 62, '10.00', '0', '0', 2, 0),
('116', 18, 10, 6, '10.00', 'SP', 'SP', 2, 0),
('117', 18, 10, 7, '10.00', 'SP', 'SP', 2, 0),
('118', 18, 10, 8, '20.00', 'SP', 'SP', 2, 0),
('1113', 18, 1, 13, '15.00', 'ND', 'ND', 3, 0),
('113', 18, 1, 3, '15.00', 'ND', 'ND', 3, 0),
('1158', 18, 4, 58, '4.00', 'ND', 'ND', 4, 0),
('1119', 18, 4, 19, '2.00', 'ND', 'ND', 4, 0),
('1118', 18, 4, 18, '1.00', 'ND', 'ND', 4, 0),
('1146', 18, 8, 46, '4.00', 'ND', 'ND', 5, 0),
('1147', 18, 8, 47, '10.00', 'ND', 'ND', 5, 0),
('1145', 18, 8, 45, '2.00', 'ND', 'ND', 5, 0),
('1144', 18, 8, 44, '1.00', 'ND', 'ND', 5, 0),
('1123', 18, 5, 23, '5.00', 'ND', 'ND', 6, 0),
('1143', 18, 5, 43, '5.00', 'ND', 'ND', 6, 0),
('1142', 18, 5, 42, '12.00', 'ND', 'ND', 6, 0),
('1122', 18, 5, 22, '12.00', 'ND', 'ND', 6, 0);

-- --------------------------------------------------------

--
-- Estructura de tabla para la tabla `carta_lista_historial`
--

CREATE TABLE IF NOT EXISTS `carta_lista_historial` (
  `idcarta_lista_historial` int(10) NOT NULL AUTO_INCREMENT,
  `idcarta_lista` int(10) NOT NULL,
  `idcarta` int(10) NOT NULL,
  `idseccion` int(10) NOT NULL,
  `iditem` int(10) NOT NULL,
  `precio` varchar(10) NOT NULL,
  `cantidad` char(10) NOT NULL,
  `cant_preparado` char(10) NOT NULL,
  `sec_orden` int(2) NOT NULL,
  `estado` int(1) NOT NULL DEFAULT '0',
  PRIMARY KEY (`idcarta_lista_historial`)
) ENGINE=InnoDB  DEFAULT CHARSET=latin1 AUTO_INCREMENT=398 ;

--
-- Volcado de datos para la tabla `carta_lista_historial`
--

INSERT INTO `carta_lista_historial` (`idcarta_lista_historial`, `idcarta_lista`, `idcarta`, `idseccion`, `iditem`, `precio`, `cantidad`, `cant_preparado`, `sec_orden`, `estado`) VALUES
(1, 1159, 1, 9, 59, '2.00', '20', '20', 1, 0),
(2, 1160, 1, 9, 60, '2.00', '20', '20', 1, 0),
(3, 112, 1, 10, 2, '10.00', '20', '20', 2, 0),
(4, 1161, 1, 10, 61, '10.00', '20', '20', 2, 0),
(8, 1160, 2, 9, 60, '2.00', '0', '05', 1, 0),
(9, 1159, 2, 9, 59, '2.00', '0', '20', 1, 0),
(10, 112, 2, 10, 2, '10.00', '0', '20', 2, 0),
(11, 1161, 2, 10, 61, '10.00', '0', '19', 2, 0),
(12, 1113, 2, 1, 13, '15.00', '0', '20', 3, 0),
(13, 113, 2, 1, 3, '15.00', '16', '20', 3, 0),
(22, 1160, 3, 9, 60, '2.00', '10', '10', 1, 0),
(23, 1159, 3, 9, 59, '2.00', '10', '10', 1, 0),
(24, 112, 3, 10, 2, '10.00', '10', '10', 2, 0),
(25, 1161, 3, 10, 61, '10.00', '10', '10', 2, 0),
(26, 1113, 3, 1, 13, '15.00', '0', '0', 3, 0),
(27, 113, 3, 1, 3, '15.00', '0', '0', 3, 0),
(67, 1160, 4, 9, 60, '2.00', '0', '10', 1, 0),
(68, 1159, 4, 9, 59, '2.00', '0', '10', 1, 0),
(69, 112, 4, 10, 2, '10.00', '3', '5', 2, 0),
(70, 1111, 4, 10, 11, '20.00', 'SP', 'SP', 2, 0),
(71, 119, 4, 10, 9, '15.00', 'SP', 'SP', 2, 0),
(72, 1161, 4, 10, 61, '10.00', '10', '10', 2, 0),
(73, 1162, 4, 10, 62, '10.00', 'ND', 'ND', 2, 0),
(74, 116, 4, 10, 6, '10.00', 'SP', 'SP', 2, 0),
(75, 117, 4, 10, 7, '10.00', 'SP', 'SP', 2, 0),
(76, 118, 4, 10, 8, '20.00', 'SP', 'SP', 2, 0),
(77, 1113, 4, 1, 13, '15.00', '10', '10', 3, 0),
(78, 113, 4, 1, 3, '15.00', '10', '10', 3, 0),
(79, 1160, 5, 9, 60, '2.00', '10', '10', 1, 0),
(80, 1159, 5, 9, 59, '2.00', '10', '10', 1, 0),
(81, 112, 5, 10, 2, '10.00', '10', '10', 2, 0),
(82, 1111, 5, 10, 11, '20.00', 'SP', 'SP', 2, 0),
(83, 119, 5, 10, 9, '15.00', 'SP', 'SP', 2, 0),
(84, 1161, 5, 10, 61, '10.00', '10', '10', 2, 0),
(85, 1162, 5, 10, 62, '10.00', 'ND', 'ND', 2, 0),
(86, 116, 5, 10, 6, '10.00', 'SP', 'SP', 2, 0),
(87, 117, 5, 10, 7, '10.00', 'SP', 'SP', 2, 0),
(88, 118, 5, 10, 8, '20.00', 'SP', 'SP', 2, 0),
(89, 1113, 5, 1, 13, '15.00', '10', '10', 3, 0),
(90, 113, 5, 1, 3, '15.00', '10', '10', 3, 0),
(121, 1160, 8, 9, 60, '2.00', '0', '0', 1, 0),
(122, 1159, 8, 9, 59, '2.00', '0', '0', 1, 0),
(123, 112, 8, 10, 2, '10.00', '49', '49', 2, 0),
(124, 1111, 8, 10, 11, '20.00', 'SP', 'SP', 2, 0),
(125, 119, 8, 10, 9, '15.00', 'SP', 'SP', 2, 0),
(126, 1161, 8, 10, 61, '10.00', '46', '46', 2, 0),
(127, 1162, 8, 10, 62, '10.00', 'ND', 'ND', 2, 0),
(128, 116, 8, 10, 6, '10.00', '6', '10', 2, 0),
(129, 117, 8, 10, 7, '10.00', '9', '12', 2, 0),
(130, 118, 8, 10, 8, '20.00', '18', '18', 2, 0),
(131, 1113, 8, 1, 13, '15.00', '0', '0', 3, 0),
(132, 113, 8, 1, 3, '15.00', '0', '0', 3, 0),
(133, 1160, 9, 9, 60, '2.00', '20', '20', 1, 0),
(134, 1159, 9, 9, 59, '2.00', '15', '15', 1, 0),
(135, 112, 9, 10, 2, '10.00', '47', '47', 2, 0),
(136, 1111, 9, 10, 11, '20.00', '20', '20', 2, 0),
(137, 119, 9, 10, 9, '15.00', '10', '10', 2, 0),
(138, 1161, 9, 10, 61, '10.00', '46', '46', 2, 0),
(139, 1162, 9, 10, 62, '10.00', '10', '10', 2, 0),
(140, 116, 9, 10, 6, '10.00', '15', '15', 2, 0),
(141, 117, 9, 10, 7, '10.00', '12', '12', 2, 0),
(142, 118, 9, 10, 8, '20.00', '18', '18', 2, 0),
(143, 1113, 9, 1, 13, '15.00', '15', '15', 3, 0),
(144, 113, 9, 1, 3, '15.00', '12', '12', 3, 0),
(160, 1160, 10, 9, 60, '2.00', '-2', 'ND', 1, 0),
(161, 1159, 10, 9, 59, '2.00', '9', '9', 1, 0),
(162, 112, 10, 10, 2, '10.00', '47', '47', 2, 0),
(163, 1163, 10, 10, 63, '10.00', '13', '13', 2, 0),
(164, 1111, 10, 10, 11, '20.00', '19', '19', 2, 0),
(165, 119, 10, 10, 9, '15.00', '10', '10', 2, 0),
(166, 1161, 10, 10, 61, '10.00', '46', '46', 2, 0),
(167, 1162, 10, 10, 62, '10.00', '10', '10', 2, 0),
(168, 116, 10, 10, 6, '10.00', '15', '15', 2, 0),
(169, 117, 10, 10, 7, '10.00', '12', '12', 2, 0),
(170, 118, 10, 10, 8, '20.00', 'SP', 'SP', 2, 0),
(171, 1113, 10, 1, 13, '15.00', '15', '15', 3, 0),
(172, 113, 10, 1, 3, '15.00', '12', '12', 3, 0),
(175, 1160, 12, 9, 60, '2.00', 'ND', 'ND', 1, 0),
(176, 1159, 12, 9, 59, '2.00', '2', '2', 1, 0),
(177, 112, 12, 10, 2, '10.00', '46', '46', 2, 0),
(178, 1163, 12, 10, 63, '10.00', '13', '13', 2, 0),
(179, 1111, 12, 10, 11, '20.00', '19', '19', 2, 0),
(180, 119, 12, 10, 9, '15.00', '10', '10', 2, 0),
(181, 1161, 12, 10, 61, '10.00', '46', '46', 2, 0),
(182, 1162, 12, 10, 62, '10.00', '9', '9', 2, 0),
(183, 116, 12, 10, 6, '10.00', 'SP', 'SP', 2, 0),
(184, 117, 12, 10, 7, '10.00', 'SP', 'SP', 2, 0),
(185, 118, 12, 10, 8, '20.00', 'SP', 'SP', 2, 0),
(186, 1113, 12, 1, 13, '15.00', '15', '15', 3, 0),
(187, 113, 12, 1, 3, '15.00', '12', '12', 3, 0),
(188, 1160, 17, 9, 60, '2.00', 'ND', 'ND', 1, 0),
(189, 1159, 17, 9, 59, '2.00', 'ND', 'ND', 1, 0),
(190, 112, 17, 10, 2, '10.00', 'ND', 'ND', 2, 0),
(191, 1163, 17, 10, 63, '10.00', 'ND', 'ND', 2, 0),
(192, 1111, 17, 10, 11, '20.00', 'ND', 'ND', 2, 0),
(193, 119, 17, 10, 9, '15.00', '0', '0', 2, 0),
(194, 1161, 17, 10, 61, '10.00', '0', '0', 2, 0),
(195, 1162, 17, 10, 62, '10.00', '0', '0', 2, 0),
(196, 116, 17, 10, 6, '10.00', 'SP', 'SP', 2, 0),
(197, 117, 17, 10, 7, '10.00', 'SP', 'SP', 2, 0),
(198, 118, 17, 10, 8, '20.00', 'SP', 'SP', 2, 0),
(199, 1113, 17, 1, 13, '15.00', 'ND', 'ND', 3, 0),
(200, 113, 17, 1, 3, '15.00', 'ND', 'ND', 3, 0),
(201, 1146, 17, 8, 46, '4.00', 'ND', 'ND', 4, 0),
(202, 1147, 17, 8, 47, '10.00', 'ND', 'ND', 4, 0),
(203, 1145, 17, 8, 45, '2.00', 'ND', 'ND', 4, 0),
(204, 1144, 17, 8, 44, '1.00', 'ND', 'ND', 4, 0),
(205, 1123, 17, 5, 23, '5.00', 'ND', 'ND', 5, 0),
(206, 1164, 17, 5, 64, '12.00', 'ND', 'ND', 5, 0),
(207, 1165, 17, 5, 65, '12.00', 'ND', 'ND', 5, 0),
(208, 1158, 17, 4, 58, '4.00', 'ND', 'ND', 6, 0),
(209, 1119, 17, 4, 19, '2.00', 'ND', 'ND', 6, 0),
(210, 1118, 17, 4, 18, '1.00', 'ND', 'ND', 6, 0),
(374, 1160, 18, 9, 60, '2.00', 'ND', 'ND', 1, 0),
(375, 1159, 18, 9, 59, '2.00', 'ND', 'ND', 1, 0),
(376, 112, 18, 10, 2, '10.00', 'ND', 'ND', 2, 0),
(377, 1163, 18, 10, 63, '10.00', 'ND', 'ND', 2, 0),
(378, 1111, 18, 10, 11, '20.00', 'ND', 'ND', 2, 0),
(379, 119, 18, 10, 9, '15.00', '0', '0', 2, 0),
(380, 1161, 18, 10, 61, '10.00', '0', '0', 2, 0),
(381, 1162, 18, 10, 62, '10.00', '0', '0', 2, 0),
(382, 116, 18, 10, 6, '10.00', 'SP', 'SP', 2, 0),
(383, 117, 18, 10, 7, '10.00', 'SP', 'SP', 2, 0),
(384, 118, 18, 10, 8, '20.00', 'SP', 'SP', 2, 0),
(385, 1113, 18, 1, 13, '15.00', 'ND', 'ND', 3, 0),
(386, 113, 18, 1, 3, '15.00', 'ND', 'ND', 3, 0),
(387, 1158, 18, 4, 58, '4.00', 'ND', 'ND', 4, 0),
(388, 1119, 18, 4, 19, '2.00', 'ND', 'ND', 4, 0),
(389, 1118, 18, 4, 18, '1.00', 'ND', 'ND', 4, 0),
(390, 1146, 18, 8, 46, '4.00', 'ND', 'ND', 5, 0),
(391, 1147, 18, 8, 47, '10.00', 'ND', 'ND', 5, 0),
(392, 1145, 18, 8, 45, '2.00', 'ND', 'ND', 5, 0),
(393, 1144, 18, 8, 44, '1.00', 'ND', 'ND', 5, 0),
(394, 1123, 18, 5, 23, '5.00', 'ND', 'ND', 6, 0),
(395, 1143, 18, 5, 43, '5.00', 'ND', 'ND', 6, 0),
(396, 1142, 18, 5, 42, '12.00', 'ND', 'ND', 6, 0),
(397, 1122, 18, 5, 22, '12.00', 'ND', 'ND', 6, 0);

-- --------------------------------------------------------

--
-- Estructura de tabla para la tabla `categoria`
--

CREATE TABLE IF NOT EXISTS `categoria` (
  `idcategoria` int(10) NOT NULL AUTO_INCREMENT,
  `idorg` int(10) NOT NULL,
  `idsede` int(10) NOT NULL,
  `descripcion` varchar(80) NOT NULL,
  `hora_ini` varchar(25) NOT NULL,
  `hora_fin` varchar(25) NOT NULL,
  `visible_x_hora` int(1) NOT NULL DEFAULT '0',
  `estado` int(1) NOT NULL DEFAULT '0',
  PRIMARY KEY (`idcategoria`)
) ENGINE=InnoDB  DEFAULT CHARSET=latin1 AUTO_INCREMENT=2 ;

--
-- Volcado de datos para la tabla `categoria`
--

INSERT INTO `categoria` (`idcategoria`, `idorg`, `idsede`, `descripcion`, `hora_ini`, `hora_fin`, `visible_x_hora`, `estado`) VALUES
(1, 1, 1, 'ALMUERZO', '', '', 0, 0);

-- --------------------------------------------------------

--
-- Estructura de tabla para la tabla `cliente`
--

CREATE TABLE IF NOT EXISTS `cliente` (
  `idcliente` int(10) NOT NULL AUTO_INCREMENT,
  `idorg` int(10) NOT NULL,
  `nombres` varchar(150) NOT NULL,
  `ruc` varchar(20) NOT NULL,
  `direccion` varchar(255) NOT NULL,
  `credito` int(1) NOT NULL DEFAULT '0',
  `estado` int(1) NOT NULL DEFAULT '0',
  PRIMARY KEY (`idcliente`)
) ENGINE=InnoDB  DEFAULT CHARSET=latin1 AUTO_INCREMENT=5 ;

--
-- Volcado de datos para la tabla `cliente`
--

INSERT INTO `cliente` (`idcliente`, `idorg`, `nombres`, `ruc`, `direccion`, `credito`, `estado`) VALUES
(1, 1, 'COLITAS', '', '', 0, 0),
(2, 1, 'JUNIOR', '', '', 0, 0),
(3, 1, 'MARCELO', '', '', 0, 0),
(4, 1, 'JUNIOR', '', '', 0, 0);

-- --------------------------------------------------------

--
-- Estructura de tabla para la tabla `compra`
--

CREATE TABLE IF NOT EXISTS `compra` (
  `idcompra` int(10) NOT NULL AUTO_INCREMENT,
  `idorg` int(10) NOT NULL,
  `idsede` int(10) NOT NULL,
  `idalmacen` int(10) NOT NULL,
  `f_compra` varchar(50) NOT NULL,
  `f_registro` varchar(50) NOT NULL,
  `total` varchar(10) NOT NULL,
  `idproveedor` int(10) NOT NULL,
  `nota_de_compra` varchar(150) NOT NULL,
  `estado` int(1) NOT NULL DEFAULT '0',
  PRIMARY KEY (`idcompra`)
) ENGINE=InnoDB  DEFAULT CHARSET=latin1 AUTO_INCREMENT=58 ;

--
-- Volcado de datos para la tabla `compra`
--

INSERT INTO `compra` (`idcompra`, `idorg`, `idsede`, `idalmacen`, `f_compra`, `f_registro`, `total`, `idproveedor`, `nota_de_compra`, `estado`) VALUES
(1, 1, 1, 2, '30/01/2017', '30/01/2017', '142.70', 1, 'Compras del 30/01/2017', 0),
(2, 1, 1, 2, '31/01/2017', '31/01/2017', '196.50', 2, 'Compras del 31/01/2017', 0),
(3, 1, 1, 3, '31/01/2017', '31/01/2017', '10.00', 3, 'Compras del 31/01/2017', 0),
(4, 1, 1, 2, '01/02/2017', '01/02/2017', '133.00', 4, 'Compras del 01/02/2017', 0),
(5, 1, 1, 2, '01/02/2017', '01/02/2017', '6.50', 5, 'Compras del 01/02/2017', 0),
(6, 1, 1, 3, '01/02/2017', '01/02/2017', '0', 6, 'Compras del 01/02/2017', 0),
(7, 1, 1, 3, '02/02/2017', '02/02/2017', '27.55', 7, 'Compras del 02/02/2017', 0),
(8, 1, 1, 1, '03/02/2017', '03/02/2017', '93.00', 8, 'Compras del 03/02/2017', 0),
(9, 1, 1, 3, '03/02/2017', '03/02/2017', '78.00', 9, 'Compras del 03/02/2017', 0),
(10, 1, 1, 3, '04/02/2017', '04/02/2017', '134.00', 10, 'Compras del 04/02/2017', 0),
(11, 1, 1, 2, '05/02/2017', '05/02/2017', '88.00', 11, 'Compras del 05/02/2017', 0),
(12, 1, 1, 3, '05/02/2017', '05/02/2017', '30.00', 12, 'Compras del 05/02/2017', 0),
(13, 1, 1, 3, '06/02/2017', '06/02/2017', '0', 13, 'Compras del 06/02/2017', 0),
(14, 1, 1, 2, '07/02/2017', '07/02/2017', '108.00', 14, 'Compras del 07/02/2017', 0),
(15, 1, 1, 2, '10/02/2017', '10/02/2017', '68.00', 15, 'Compras del 10/02/2017', 0),
(16, 1, 1, 3, '11/02/2017', '11/02/2017', '384.30', 16, 'Compras del 11/02/2017', 0),
(17, 1, 1, 2, '11/02/2017', '11/02/2017', '91.00', 17, 'Compras del 11/02/2017', 0),
(18, 1, 1, 3, '12/02/2017', '12/02/2017', '140.00', 18, 'Compras del 12/02/2017', 0),
(19, 1, 1, 2, '12/02/2017', '12/02/2017', '244.57', 19, 'Compras del 12/02/2017', 0),
(20, 1, 1, 2, '13/02/2017', '13/02/2017', '44.00', 20, 'Compras del 13/02/2017', 0),
(21, 1, 1, 2, '14/02/2017', '14/02/2017', '24.00', 21, 'Compras del 14/02/2017', 0),
(22, 1, 1, 2, '15/02/2017', '15/02/2017', '132.00', 22, 'Compras del 15/02/2017', 0),
(23, 1, 1, 2, '16/02/2017', '16/02/2017', '116.00', 23, 'Compras del 16/02/2017', 0),
(24, 1, 1, 2, '16/02/2017', '16/02/2017', '13.00', 24, 'Compras del 16/02/2017', 0),
(25, 1, 1, 3, '16/02/2017', '16/02/2017', '15.00', 25, 'Compras del 16/02/2017', 0),
(26, 1, 1, 3, '16/02/2017', '16/02/2017', '86.87', 26, 'Compras del 16/02/2017', 0),
(27, 1, 1, 1, '17/02/2017', '17/02/2017', '108.80', 27, 'Compras del 17/02/2017', 0),
(28, 1, 1, 3, '17/02/2017', '17/02/2017', '108.80', 28, 'Compras del 17/02/2017', 0),
(29, 1, 1, 3, '17/02/2017', '17/02/2017', '87.00', 29, 'Compras del 17/02/2017', 0),
(30, 1, 1, 2, '17/02/2017', '17/02/2017', '68.00', 30, 'Compras del 17/02/2017', 0),
(31, 1, 1, 3, '17/02/2017', '17/02/2017', '13.00', 31, 'Compras del 17/02/2017', 0),
(32, 1, 1, 3, '17/02/2017', '17/02/2017', '0', 32, 'Compras del 17/02/2017', 0),
(33, 1, 1, 2, '18/02/2017', '18/02/2017', '77.11', 33, 'Compras del 18/02/2017', 0),
(34, 1, 1, 3, '18/02/2017', '18/02/2017', '0', 34, 'Compras del 18/02/2017', 0),
(35, 1, 1, 2, '18/02/2017', '18/02/2017', '18.00', 35, 'Compras del 18/02/2017', 0),
(36, 1, 1, 2, '19/02/2017', '19/02/2017', '136.00', 36, 'Compras del 19/02/2017', 0),
(37, 1, 1, 2, '19/02/2017', '19/02/2017', '136.00', 37, 'Compras del 19/02/2017', 0),
(38, 1, 1, 2, '02/03/2017', '02/03/2017', '20.00', 38, 'Compras del 02/03/2017', 0),
(39, 1, 1, 2, '02/03/2017', '02/03/2017', '20.00', 39, 'Compras del 02/03/2017', 0),
(40, 1, 1, 2, '02/03/2017', '02/03/2017', '68.00', 40, 'Compras del 02/03/2017', 0),
(41, 1, 1, 2, '02/03/2017', '02/03/2017', '6.50', 41, 'Compras del 02/03/2017', 0),
(42, 1, 1, 3, '09/05/2017', '09/05/2017', '67.50', 42, 'Compras del 09/05/2017', 0),
(43, 1, 1, 3, '09/05/2017', '09/05/2017', '54.00', 43, '', 0),
(44, 1, 1, 2, '12/05/2017', '12/05/2017', '68.00', 44, 'Compras del 12/05/2017', 0),
(45, 1, 1, 3, '13/05/2017', '13/05/2017', '45.00', 45, 'Compras del 13/05/2017', 0),
(46, 1, 1, 3, '13/05/2017', '13/05/2017', '25.00', 46, '', 0),
(47, 1, 1, 3, '13/05/2017', '13/05/2017', '45.00', 47, 'Compras del 13/05/2017', 0),
(48, 1, 1, 3, '13/05/2017', '13/05/2017', '45.00', 48, '', 0),
(49, 1, 1, 3, '13/05/2017', '13/05/2017', '45.00', 49, 'Compras del 13/05/2017', 0),
(50, 1, 1, 3, '13/05/2017', '13/05/2017', '45.00', 50, '', 0),
(51, 1, 1, 2, '17/05/2017', '17/05/2017', '34.00', 51, 'Compras del 17/05/2017', 0),
(52, 1, 1, 2, '17/05/2017', '17/05/2017', '210.00', 52, '', 0),
(53, 1, 1, 2, '17/05/2017', '17/05/2017', '68.00', 53, '', 0),
(54, 1, 1, 2, '17/05/2017', '17/05/2017', '13.00', 54, '', 0),
(55, 1, 1, 3, '17/05/2017', '17/05/2017', '26.00', 55, '', 0),
(56, 1, 1, 2, '17/05/2017', '17/05/2017', '30.00', 56, 'Compras del 17/05/2017', 0),
(57, 1, 1, 2, '15/06/2017', '15/06/2017', '65.00', 57, 'Compras del 15/06/2017', 0);

--
-- Disparadores `compra`
--
DROP TRIGGER IF EXISTS `kardex_ingreso`;
DELIMITER //
CREATE TRIGGER `kardex_ingreso` AFTER INSERT ON `compra`
 FOR EACH ROW insert into kardex (idoperacion,idorg,idsede,idalmacen,tipo_operacion,fecha,documento)
values (concat('C',new.idcompra), new.idorg,new.idsede,new.idalmacen,1,new.f_compra,new.nota_de_compra)
//
DELIMITER ;

-- --------------------------------------------------------

--
-- Estructura de tabla para la tabla `compra_items`
--

CREATE TABLE IF NOT EXISTS `compra_items` (
  `idcompra_items` int(10) NOT NULL AUTO_INCREMENT,
  `idcompra` int(10) NOT NULL,
  `idproducto` int(10) NOT NULL,
  `cantidad` varchar(10) NOT NULL,
  `punitario` varchar(10) NOT NULL,
  `ptotal` varchar(10) NOT NULL,
  `estado` int(1) NOT NULL DEFAULT '0',
  PRIMARY KEY (`idcompra_items`)
) ENGINE=InnoDB  DEFAULT CHARSET=latin1 AUTO_INCREMENT=140 ;

--
-- Volcado de datos para la tabla `compra_items`
--

INSERT INTO `compra_items` (`idcompra_items`, `idcompra`, `idproducto`, `cantidad`, `punitario`, `ptotal`, `estado`) VALUES
(1, 1, 1, '1000', '0.005', '5.00', 0),
(2, 1, 2, '1000', '0.005', '5.00', 0),
(3, 1, 3, '1000', '0.003', '3.00', 0),
(4, 1, 4, '200', '0.015', '3.00', 0),
(5, 1, 5, '1000', '0.02', '20.00', 0),
(6, 1, 6, '200', '0.015', '3.00', 0),
(7, 1, 7, '2000', '0.016', '32.00', 0),
(8, 1, 8, '1000', '0.034', '34.00', 0),
(9, 1, 9, '1000', '0.034', '34.00', 0),
(10, 1, 10, '17', '0.21764705', '3.70', 0),
(11, 2, 6, '1000', '0.02', '20.00', 0),
(12, 2, 4, '4200', '0.02952380', '124.00', 0),
(13, 2, 43, '2000', '0.003', '6.00', 0),
(14, 2, 44, '2000', '0.0025', '5.00', 0),
(15, 2, 45, '2', '5.5', '11.00', 0),
(16, 2, 46, '3000', '0.005', '15.00', 0),
(17, 2, 47, '1000', '0.0025', '2.50', 0),
(18, 2, 48, '1', '13', '13.00', 0),
(19, 3, 49, '4', '1', '4.00', 0),
(20, 3, 50, '3', '1', '3.00', 0),
(21, 3, 51, '2', '1.5', '3.00', 0),
(22, 4, 8, '1000', '0.034', '34.00', 0),
(23, 4, 6, '1000', '0.02', '20.00', 0),
(24, 4, 7, '3000', '0.016', '48.00', 0),
(25, 4, 43, '4000', '0.003', '12.00', 0),
(26, 4, 44, '1000', '0.0025', '2.50', 0),
(27, 4, 45, '3', '5.5', '16.50', 0),
(28, 5, 10, '30', '0.21666666', '6.50', 0),
(29, 7, 52, '100', '0.092', '9.20', 0),
(30, 7, 18, '6', '0.39999999', '2.40', 0),
(31, 7, 53, '9', '0.49666666', '4.47', 0),
(32, 7, 22, '12', '0.54999999', '6.60', 0),
(33, 7, 54, '6', '0.40666666', '2.44', 0),
(34, 7, 55, '6', '0.40666666', '2.44', 0),
(35, 8, 33, '12', '2.5', '30.00', 0),
(36, 8, 42, '24', '2', '48.00', 0),
(37, 8, 56, '02', '7.5', '15.00', 0),
(38, 9, 33, '12', '2.5', '30.00', 0),
(39, 9, 42, '24', '2', '48.00', 0),
(40, 10, 41, '24', '1.66666666', '40.00', 0),
(41, 10, 40, '12', '1.66666666', '20.00', 0),
(42, 10, 35, '6', '4.5', '27.00', 0),
(43, 10, 34, '6', '4.5', '27.00', 0),
(44, 10, 57, '12', '1.66666666', '20.00', 0),
(45, 11, 8, '1000', '0.034', '34.00', 0),
(46, 11, 9, '1000', '0.034', '34.00', 0),
(47, 11, 5, '1000', '0.02', '20.00', 0),
(48, 12, 58, '9', '3.33333333', '30.00', 0),
(49, 14, 8, '1000', '0.034', '34.00', 0),
(50, 14, 9, '1000', '0.034', '34.00', 0),
(51, 14, 6, '2000', '0.02', '40.00', 0),
(52, 15, 8, '1000', '0.034', '34.00', 0),
(53, 15, 9, '1000', '0.034', '34.00', 0),
(54, 16, 59, '48', '3.75', '180.00', 0),
(55, 16, 61, '12', '3.91666666', '47.00', 0),
(56, 16, 58, '12', '4.5', '54.00', 0),
(57, 16, 62, '12', '4.5', '54.00', 0),
(58, 16, 63, '6', '4', '24.00', 0),
(59, 16, 64, '12', '1.27500000', '15.30', 0),
(60, 16, 65, '12', '0.83333333', '10.00', 0),
(61, 17, 66, '3800', '0.01710526', '65.00', 0),
(62, 17, 67, '2', '13', '26.00', 0),
(63, 18, 40, '12', '1.66666666', '20.00', 0),
(64, 18, 41, '12', '1.66666666', '20.00', 0),
(65, 18, 57, '12', '1.66666666', '20.00', 0),
(66, 18, 39, '30', '0.86666666', '26.00', 0),
(67, 18, 34, '6', '4.5', '27.00', 0),
(68, 18, 35, '6', '4.5', '27.00', 0),
(69, 19, 8, '2000', '0.034', '68.00', 0),
(70, 19, 9, '2000', '0.034', '68.00', 0),
(71, 19, 4, '3000', '0.02952333', '88.57', 0),
(72, 19, 5, '1000', '0.02', '20.00', 0),
(73, 20, 6, '2200', '0.02', '44.00', 0),
(74, 21, 74, '24', '0.375', '9.00', 0),
(75, 21, 75, '12', '1.25', '15.00', 0),
(76, 22, 8, '1000', '0.034', '34.00', 0),
(77, 22, 9, '1000', '0.034', '34.00', 0),
(78, 22, 7, '4000', '0.016', '64.00', 0),
(79, 23, 8, '1000', '0.034', '34.00', 0),
(80, 23, 9, '1000', '0.034', '34.00', 0),
(81, 23, 6, '1400', '0.02', '28.00', 0),
(82, 23, 5, '1000', '0.02', '20.00', 0),
(83, 24, 10, '60', '0.21666666', '13.00', 0),
(84, 25, 11, '13', '1.15384615', '15.00', 0),
(85, 26, 11, '6', '1.15333333', '6.92', 0),
(86, 26, 13, '12', '1.06333333', '12.76', 0),
(87, 26, 18, '6', '0.39999999', '2.40', 0),
(88, 26, 19, '6', '0.39999999', '2.40', 0),
(89, 26, 20, '6', '0.39999999', '2.40', 0),
(90, 26, 24, '30', '0.5', '15.00', 0),
(91, 26, 21, '18', '0.55888888', '10.06', 0),
(92, 26, 17, '9', '0.41666666', '3.75', 0),
(93, 26, 55, '06', '0.40666666', '2.44', 0),
(94, 26, 54, '06', '0.40666666', '2.44', 0),
(95, 26, 22, '06', '0.54999999', '3.30', 0),
(96, 26, 22, '06', '0.54999999', '3.30', 0),
(97, 26, 52, '100', '0.092', '9.20', 0),
(98, 26, 14, '12', '0.875', '10.50', 0),
(99, 27, 32, '60', '0.91333333', '54.80', 0),
(100, 27, 33, '12', '2.5', '30.00', 0),
(101, 27, 42, '12', '2', '24.00', 0),
(102, 28, 32, '60', '0.91333333', '54.80', 0),
(103, 28, 33, '12', '2.5', '30.00', 0),
(104, 28, 42, '12', '2', '24.00', 0),
(105, 29, 40, '12', '1.66666666', '20.00', 0),
(106, 29, 41, '12', '1.66666666', '20.00', 0),
(107, 29, 57, '12', '1.66666666', '20.00', 0),
(108, 29, 34, '6', '4.5', '27.00', 0),
(109, 30, 8, '1000', '0.034', '34.00', 0),
(110, 30, 9, '1000', '0.034', '34.00', 0),
(111, 31, 76, '20', '0.65', '13.00', 0),
(112, 33, 8, '1000', '0.034', '34.00', 0),
(113, 33, 67, '2', '13', '26.00', 0),
(114, 33, 66, '1000', '0.01711', '17.11', 0),
(115, 35, 34, '4', '4.5', '18.00', 0),
(116, 36, 8, '1000', '0.034', '34.00', 0),
(117, 36, 9, '1000', '0.034', '34.00', 0),
(118, 36, 6, '1000', '0.02', '20.00', 0),
(119, 36, 7, '3000', '0.016', '48.00', 0),
(120, 38, 77, '1000', '0.02', '20.00', 0),
(121, 39, 77, '1000', '0.02', '20.00', 0),
(122, 40, 8, '1000', '0.034', '34.00', 0),
(123, 40, 9, '1000', '0.034', '34.00', 0),
(124, 41, 10, '30', '0.21666666', '6.50', 0),
(125, 42, 34, '15', '4.5', '67.50', 0),
(126, 43, 35, '12', '4.5', '54.00', 0),
(127, 45, 59, '12', '3.75', '45.00', 0),
(128, 46, 78, '10', '2.5', '25.00', 0),
(129, 47, 59, '12', '3.75', '45.00', 0),
(132, 50, 59, '12', '3.75', '45.00', 0),
(133, 51, 8, '1000', '0.034', '34.00', 0),
(134, 52, 79, '30', '7', '210.00', 0),
(135, 53, 8, '2000', '0.034', '68.00', 0),
(136, 54, 39, '15', '0.86666666', '13.00', 0),
(137, 55, 39, '30', '0.86666666', '26.00', 0),
(138, 56, 80, '5', '6', '30.00', 0),
(139, 57, 87, '5000', '0.013', '65.00', 0);

--
-- Disparadores `compra_items`
--
DROP TRIGGER IF EXISTS `stock_insert_add_compra`;
DELIMITER //
CREATE TRIGGER `stock_insert_add_compra` AFTER INSERT ON `compra_items`
 FOR EACH ROW IF NOT EXISTS (SELECT idproducto FROM producto_stock WHERE idproducto = new.idproducto AND idalmacen = ( SELECT idalmacen FROM compra WHERE idcompra = new.idcompra ))THEN 
	INSERT INTO producto_stock( idproducto, idalmacen, stock ) VALUES (new.idproducto, (SELECT idalmacen FROM compra WHERE idcompra = new.idcompra), new.cantidad);
ELSE 
	UPDATE producto_stock SET stock = stock + new.cantidad WHERE idproducto = new.idproducto AND idalmacen = ( SELECT idalmacen FROM compra WHERE idcompra = new.idcompra ) ;
END IF
//
DELIMITER ;

-- --------------------------------------------------------

--
-- Estructura de tabla para la tabla `compra_pago`
--

CREATE TABLE IF NOT EXISTS `compra_pago` (
  `idcompra_pago` int(10) NOT NULL AUTO_INCREMENT,
  `idcompra` int(10) NOT NULL,
  `idtipo_pago` int(10) NOT NULL,
  `importe` varchar(10) NOT NULL,
  `estado` int(1) NOT NULL DEFAULT '0',
  PRIMARY KEY (`idcompra_pago`)
) ENGINE=InnoDB  DEFAULT CHARSET=latin1 AUTO_INCREMENT=50 ;

--
-- Volcado de datos para la tabla `compra_pago`
--

INSERT INTO `compra_pago` (`idcompra_pago`, `idcompra`, `idtipo_pago`, `importe`, `estado`) VALUES
(1, 1, 1, '142.70', 0),
(2, 2, 1, '196.50', 0),
(3, 3, 1, '10', 0),
(4, 4, 1, '133', 0),
(5, 5, 1, '6.5', 0),
(6, 7, 1, '27.55', 0),
(7, 8, 1, '93.00', 0),
(8, 9, 1, '78.00', 0),
(9, 10, 1, '134.00', 0),
(10, 11, 1, '88.00', 0),
(11, 12, 1, '30.00', 0),
(12, 14, 1, '108', 0),
(13, 15, 1, '68.00', 0),
(14, 16, 3, '384.30', 0),
(15, 17, 1, '91.00', 0),
(16, 18, 1, '140', 0),
(17, 19, 1, '244.57', 0),
(18, 20, 1, '44', 0),
(19, 21, 1, '24', 0),
(20, 22, 1, '132.00', 0),
(21, 23, 1, '116.00', 0),
(22, 24, 1, '13.00', 0),
(23, 25, 1, '15', 0),
(24, 26, 1, '86.87', 0),
(25, 27, 1, '108.8', 0),
(26, 28, 1, '108.8', 0),
(27, 29, 1, '87.00', 0),
(28, 30, 1, '68.00', 0),
(29, 31, 1, '13', 0),
(30, 33, 1, '77.11', 0),
(31, 35, 1, '18.00', 0),
(32, 36, 1, '136.00', 0),
(33, 38, 1, '20', 0),
(34, 39, 1, '20', 0),
(35, 40, 1, '68.00', 0),
(36, 41, 1, '6.50', 0),
(37, 42, 1, '67.50', 0),
(38, 43, 1, '54.00', 0),
(39, 45, 1, '45.00', 0),
(40, 46, 1, '25.00', 0),
(41, 47, 1, '45.00', 0),
(42, 50, 1, '45.00', 0),
(43, 51, 1, '34.00', 0),
(44, 52, 1, '210.00', 0),
(45, 53, 1, '68.00', 0),
(46, 54, 1, '13.00', 0),
(47, 55, 1, '26.00', 0),
(48, 56, 1, '30.00', 0),
(49, 57, 1, '65.00', 0);

-- --------------------------------------------------------

--
-- Estructura de tabla para la tabla `conf_print`
--

CREATE TABLE IF NOT EXISTS `conf_print` (
  `idconf_print` int(10) NOT NULL AUTO_INCREMENT,
  `idorg` int(10) NOT NULL,
  `idsede` int(10) NOT NULL,
  `ip_print` varchar(80) NOT NULL,
  `num_copias` int(2) NOT NULL,
  `pie_pagina` varchar(200) NOT NULL,
  `logo` varchar(200) NOT NULL,
  `var_margen_iz` int(3) NOT NULL DEFAULT '0' COMMENT 'margen izquierda, default 0',
  `var_size_font` int(1) NOT NULL DEFAULT '0' COMMENT '0=A(x default) 1=B 3=C',
  `estado` int(1) NOT NULL DEFAULT '0',
  PRIMARY KEY (`idconf_print`)
) ENGINE=InnoDB  DEFAULT CHARSET=latin1 AUTO_INCREMENT=2 ;

--
-- Volcado de datos para la tabla `conf_print`
--

INSERT INTO `conf_print` (`idconf_print`, `idorg`, `idsede`, `ip_print`, `num_copias`, `pie_pagina`, `logo`, `var_margen_iz`, `var_size_font`, `estado`) VALUES
(1, 1, 1, '//desa1/print_a', 0, 'Gracias por su preferencia, estamos trabajando  para brindarle un mejor servicio.', '11logo_actualxx.jpg', 45, 1, 0);

-- --------------------------------------------------------

--
-- Estructura de tabla para la tabla `conf_print_adicionales`
--

CREATE TABLE IF NOT EXISTS `conf_print_adicionales` (
  `idconf_print_adicionales` int(10) NOT NULL AUTO_INCREMENT,
  `idconf_print` int(10) NOT NULL,
  `descripcion` varchar(50) NOT NULL,
  `importe` varchar(5) NOT NULL,
  `idtipo_consumo` int(10) NOT NULL,
  `idseccion` int(10) NOT NULL,
  `estado` int(1) NOT NULL DEFAULT '0',
  PRIMARY KEY (`idconf_print_adicionales`)
) ENGINE=InnoDB  DEFAULT CHARSET=latin1 AUTO_INCREMENT=3 ;

--
-- Volcado de datos para la tabla `conf_print_adicionales`
--

INSERT INTO `conf_print_adicionales` (`idconf_print_adicionales`, `idconf_print`, `descripcion`, `importe`, `idtipo_consumo`, `idseccion`, `estado`) VALUES
(1, 1, 'TAPER', '1.00', 2, 10, 0),
(2, 1, 'TAPER', '1.00', 2, 1, 0);

-- --------------------------------------------------------

--
-- Estructura de tabla para la tabla `conf_print_detalle`
--

CREATE TABLE IF NOT EXISTS `conf_print_detalle` (
  `idconf_print_detalle` int(10) NOT NULL AUTO_INCREMENT,
  `idconf_print` int(10) NOT NULL,
  `descripcion` varchar(80) NOT NULL,
  `porcentaje` varchar(4) NOT NULL,
  `estado` int(1) NOT NULL DEFAULT '0',
  PRIMARY KEY (`idconf_print_detalle`)
) ENGINE=InnoDB DEFAULT CHARSET=latin1 AUTO_INCREMENT=1 ;

-- --------------------------------------------------------

--
-- Estructura de tabla para la tabla `conf_print_otros`
--

CREATE TABLE IF NOT EXISTS `conf_print_otros` (
  `conf_print_otros` int(10) NOT NULL AUTO_INCREMENT,
  `idorg` int(10) NOT NULL,
  `idsede` int(10) NOT NULL,
  `idtipo_otro` int(10) NOT NULL COMMENT '-1:precuenta -2:comprobantes -3cierre caja -4listado compras',
  `idimpresora` int(10) NOT NULL,
  `esalmacen` int(1) NOT NULL DEFAULT '0' COMMENT 'si es almacen, como bodega o despacho de cervezas',
  `estado` int(1) NOT NULL DEFAULT '0',
  PRIMARY KEY (`conf_print_otros`)
) ENGINE=InnoDB  DEFAULT CHARSET=latin1 AUTO_INCREMENT=6 ;

--
-- Volcado de datos para la tabla `conf_print_otros`
--

INSERT INTO `conf_print_otros` (`conf_print_otros`, `idorg`, `idsede`, `idtipo_otro`, `idimpresora`, `esalmacen`, `estado`) VALUES
(1, 1, 1, -1, 23, 0, 0),
(2, 1, 1, -2, 23, 0, 0),
(3, 1, 1, 3, 1, 1, 0),
(4, 1, 1, -3, 23, 0, 0),
(5, 1, 1, -4, 23, 0, 0);

-- --------------------------------------------------------

--
-- Estructura de tabla para la tabla `ie_caja`
--

CREATE TABLE IF NOT EXISTS `ie_caja` (
  `idie_caja` int(10) NOT NULL AUTO_INCREMENT,
  `idorg` int(10) NOT NULL,
  `idsede` int(10) NOT NULL,
  `idusuario` int(10) NOT NULL,
  `tipo` int(1) NOT NULL COMMENT '1:ingreso 2:egreso',
  `motivo` varchar(255) NOT NULL,
  `fecha` varchar(30) NOT NULL,
  `monto` varchar(10) NOT NULL,
  `cierre` int(1) NOT NULL DEFAULT '0',
  `estado` int(1) NOT NULL DEFAULT '0',
  PRIMARY KEY (`idie_caja`)
) ENGINE=InnoDB DEFAULT CHARSET=latin1 AUTO_INCREMENT=1 ;

-- --------------------------------------------------------

--
-- Estructura de tabla para la tabla `impresora`
--

CREATE TABLE IF NOT EXISTS `impresora` (
  `idimpresora` int(10) NOT NULL AUTO_INCREMENT,
  `idorg` int(10) NOT NULL,
  `idsede` int(10) NOT NULL,
  `ip` varchar(50) NOT NULL,
  `descripcion` varchar(50) NOT NULL,
  `var_margen_iz` int(3) NOT NULL DEFAULT '0' COMMENT 'margen izquierda para centrar si la letra es peque침a,0 x default',
  `var_size_font` int(1) NOT NULL DEFAULT '0' COMMENT '0=A(x default) 1=B 3=C',
  `local` int(1) NOT NULL DEFAULT '0' COMMENT '1: es impresora local, mandar un copia del pedido',
  `estado` int(1) NOT NULL DEFAULT '0',
  PRIMARY KEY (`idimpresora`)
) ENGINE=InnoDB  DEFAULT CHARSET=latin1 AUTO_INCREMENT=24 ;

--
-- Volcado de datos para la tabla `impresora`
--

INSERT INTO `impresora` (`idimpresora`, `idorg`, `idsede`, `ip`, `descripcion`, `var_margen_iz`, `var_size_font`, `local`, `estado`) VALUES
(1, 1, 1, '//desa1/print_a', 'Impresora Cocina', 48, 1, 0, 1),
(2, 1, 1, '//desa1/print_a', 'Despacho Jugos', 0, 0, 0, 1),
(4, 1, 1, '//desa1/print_a', 'impresora salon', 50, 1, 0, 1),
(5, 1, 1, '//desa1/print_a', 'aaaaaaaaa', 48, 1, 0, 1),
(6, 1, 1, '//desa1/print_a', 'caja_1', 48, 1, 1, 0),
(7, 1, 1, '//desa1/print_a', 'impresora cocina 2', 48, 1, 0, 1),
(8, 0, 0, '', '', 0, 0, 0, 0),
(9, 1, 1, '', '', 0, 0, 0, 1),
(10, 0, 0, '', '', 0, 0, 0, 0),
(11, 0, 0, '', 'qqq', 0, 0, 0, 0),
(12, 1, 1, '', 'qqqq', 0, 0, 0, 1),
(13, 1, 1, '', 'aa', 0, 0, 0, 1),
(14, 0, 0, '', 'eee', 0, 0, 0, 0),
(15, 0, 0, '', 'ww', 0, 0, 0, 0),
(16, 1, 1, '', 'Cocina ', 0, 0, 0, 1),
(17, 1, 1, '', 'cocina para llevar', 0, 0, 0, 1),
(18, 1, 1, '', 'Bar', 0, 0, 0, 1),
(19, 1, 1, '', 'Cocina', 0, 0, 0, 0),
(20, 1, 1, '', 'Jugos', 0, 0, 0, 1),
(21, 1, 1, '', 'Bebidas', 0, 0, 0, 0),
(22, 1, 1, '//desa1/print_a', 'caja', 48, 1, 0, 1),
(23, 1, 1, '//desa1/print_a', 'CAJA', 48, 1, 0, 0);

-- --------------------------------------------------------

--
-- Estructura de tabla para la tabla `item`
--

CREATE TABLE IF NOT EXISTS `item` (
  `iditem` int(10) NOT NULL AUTO_INCREMENT,
  `idorg` int(10) NOT NULL,
  `idsede` int(10) NOT NULL,
  `descripcion` varchar(80) NOT NULL,
  `precio` varchar(10) NOT NULL COMMENT 'ultimo precio',
  `costo` varchar(10) NOT NULL COMMENT 'costo de receta',
  `detalle` varchar(255) NOT NULL,
  `img` varchar(255) NOT NULL,
  `estado` int(1) NOT NULL DEFAULT '0',
  PRIMARY KEY (`iditem`)
) ENGINE=InnoDB  DEFAULT CHARSET=latin1 AUTO_INCREMENT=66 ;

--
-- Volcado de datos para la tabla `item`
--

INSERT INTO `item` (`iditem`, `idorg`, `idsede`, `descripcion`, `precio`, `costo`, `detalle`, `img`, `estado`) VALUES
(1, 1, 1, 'AVISPA JUANE', '8.00', '', '', '', 0),
(2, 1, 1, 'ARROZ CHAUFA REGIONAL', '8.00', '2.88', '', '', 0),
(3, 1, 1, 'LOMITO SALTADO', '7.00', '2.10', '', '', 0),
(4, 1, 1, 'MILANESA', '15.00', '2.24', '', '', 0),
(5, 1, 1, 'PECHUGA A LA PLANCHA', '7.00', '2.24', '', '', 0),
(6, 1, 1, 'TACACHO CON CECINA', '7.00', '3.40', '', '', 0),
(7, 1, 1, 'TACACHO CON CHORIZO', '7.00', '2.50', '', '', 0),
(8, 1, 1, 'TACACHO MIXTO', '7.00', '6.12', '', '', 0),
(9, 1, 1, 'CECINA A LO POBRE', '7.00', '3.62', '', '', 0),
(10, 1, 1, 'PAICHE', '7.00', '2.70', '', '', 0),
(11, 1, 1, 'ASADO DE MAJAS', '20.00', '2.50', '', '', 0),
(12, 1, 1, 'CEVICHE', '1.00', '2.40', '', '', 0),
(13, 1, 1, 'APANADO DE TRUCHA CON PATACONES', '1.00', '', '', '', 0),
(14, 1, 1, 'DESAYUNO REGIONAL', '1.00', '1.92', '', '', 0),
(15, 1, 1, 'CECINA CON HUEVOS REVUELTOS', '1.00', '3.40', '', '', 0),
(16, 1, 1, 'TAMALITOS', '1.00', '', '', '', 0),
(17, 1, 1, 'HUMITAS', '1.00', '', '', '', 0),
(18, 1, 1, 'INFUCIONES', '1.00', '', '', '', 0),
(19, 1, 1, 'CAFE PASADO', '2.00', '', '', '', 0),
(20, 1, 1, 'JARRA MANGO', '12.00', '0.60', '', '', 0),
(21, 1, 1, '1/2 JARRA MANGO', '5.00', '0.30', '', '', 0),
(22, 1, 1, 'JARRA COCONA', '12.00', '1.00', '', '', 0),
(23, 1, 1, '1/2 JARRA DE COCONA', '5.00', '0.50', '', '', 0),
(24, 1, 1, 'JARRA MARACUYA', '12.00', '1.00', '', '', 0),
(25, 1, 1, '1/2 JARRA MARACUYA', '5.00', '0.50', '', '', 0),
(26, 1, 1, 'PORCION DE TACACHO', '5.00', '', '', '', 0),
(27, 1, 1, 'PORCION DE MADURITOS', '5.00', '', '', '', 0),
(28, 1, 1, 'PORCION DE PLATANOS FRITOS', '5.00', '', '', '', 0),
(29, 1, 1, 'PORCION DE PATACONES', '5.00', '', '', '', 0),
(30, 1, 1, 'PORCION DE ARROZ', '5.00', '', '', '', 0),
(31, 1, 1, 'PORCION DE ENSALADA', '5.00', '', '', '', 0),
(32, 1, 1, 'OTROS', '1.00', '', '', '', 0),
(33, 1, 1, 'COCTEL DE CAFE', '5.00', '', '', '', 0),
(34, 1, 1, 'COCTEL DE CACAO', '5.00', '', '', '', 0),
(35, 1, 1, 'COCTEL DE UVA', '5.00', '', '', '', 0),
(36, 1, 1, 'COCACHADO', '7.00', '', '', '', 0),
(37, 1, 1, 'MARIJUANA-CHADO', '8.00', '', '', '', 0),
(38, 1, 1, 'PISCO SOUR', '8.00', '', '', '', 0),
(39, 1, 1, 'COCONA SOUR', '8.00', '', '', '', 0),
(40, 1, 1, 'PIQUEO REGIONAL', '22.00', '', '', '', 0),
(41, 1, 1, 'PIQUEO REGIONAL', '22.00', '5.95', '', '', 0),
(42, 1, 1, 'JARRA GUANABANA', '12.00', '1.00', '', '', 0),
(43, 1, 1, '1/2 JARRA GUANABANA', '5.00', '0.50', '', '', 0),
(44, 1, 1, 'HELADO DE UN SOL', '1.00', '', '', '', 0),
(45, 1, 1, 'HELADO DE DOS SOLES', '2.00', '', '', '', 0),
(46, 1, 1, 'HELADO DE CUATRO SOL', '4.00', '', '', '', 0),
(47, 1, 1, 'HELADO DE DIEZ SOL', '10.00', '', '', '', 0),
(48, 1, 1, 'CRISTAL', '7.00', '', '', '', 0),
(49, 1, 1, 'PILSEN', '7.00', '', '', '', 0),
(50, 1, 1, 'CUSQUEZA NEGRA', '7.00', '', '', '', 0),
(51, 1, 1, 'COSTILLAS AL CILINDRO', '18.00', '4.33', '', '', 0),
(52, 1, 1, 'POLLO AL CILINDRO', '18.00', '5.20', '', '', 0),
(53, 1, 1, '1/2 JARRA DE PI츾ㄸ', '5.00', '', '', '', 0),
(54, 1, 1, '1/2 JARRA DE PI츾ㄸ', '5.00', '', '', '', 0),
(55, 1, 1, 'JARRA DE PI츾ㄸ', '12.00', '', '', '', 0),
(56, 1, 1, 'JUGO SURTIDO', '5.00', '', '', '', 0),
(57, 1, 1, 'JUGO DE PAPAYA', '5.00', '', '', '', 0),
(58, 1, 1, 'CAFE CON LECHE', '4.00', '', '', '', 0),
(59, 1, 1, 'SOPA DE POLLO', '2.00', '', '', '', 0),
(60, 1, 1, 'ARROZ CON LECHE', '2.00', '', '', '', 0),
(61, 1, 1, 'ESCABECHE DE POLLO 칌칌', '10.00', '', '', '', 0),
(62, 1, 1, 'INCHICAPI', '10.00', '', '', '', 0),
(63, 1, 1, 'ASADO DE GALLINA 칌칌', '10.00', '0.00', '', '', 0),
(64, 1, 1, 'JARRA DE COCONA', '12.00', '', '', '', 0),
(65, 1, 1, 'JARRA DE TAPERIBA', '12.00', '', '', '', 0);

-- --------------------------------------------------------

--
-- Estructura de tabla para la tabla `item_cat_kiosko`
--

CREATE TABLE IF NOT EXISTS `item_cat_kiosko` (
  `iditem_cat_kiosko` int(10) NOT NULL AUTO_INCREMENT,
  `idorg` int(10) NOT NULL,
  `idsede` int(10) NOT NULL,
  `descripcion` varchar(80) NOT NULL,
  `estado` int(1) NOT NULL DEFAULT '0',
  PRIMARY KEY (`iditem_cat_kiosko`)
) ENGINE=InnoDB  DEFAULT CHARSET=latin1 AUTO_INCREMENT=5 ;

--
-- Volcado de datos para la tabla `item_cat_kiosko`
--

INSERT INTO `item_cat_kiosko` (`iditem_cat_kiosko`, `idorg`, `idsede`, `descripcion`, `estado`) VALUES
(1, 1, 1, 'CERVEZAS', 0),
(2, 1, 1, 'GASEOSAS', 0),
(3, 1, 1, 'GALLETAS', 0),
(4, 1, 1, 'JUGOS', 0);

-- --------------------------------------------------------

--
-- Estructura de tabla para la tabla `item_ingrediente`
--

CREATE TABLE IF NOT EXISTS `item_ingrediente` (
  `iditem_ingrediente` int(10) NOT NULL AUTO_INCREMENT,
  `iditem` int(10) NOT NULL,
  `idporcion` int(10) NOT NULL DEFAULT '0',
  `descripcion` varchar(80) NOT NULL,
  `cantidad` varchar(10) NOT NULL,
  `costo` varchar(10) NOT NULL,
  `estado` int(1) NOT NULL DEFAULT '0',
  PRIMARY KEY (`iditem_ingrediente`)
) ENGINE=InnoDB  DEFAULT CHARSET=latin1 AUTO_INCREMENT=9 ;

--
-- Volcado de datos para la tabla `item_ingrediente`
--

INSERT INTO `item_ingrediente` (`iditem_ingrediente`, `iditem`, `idporcion`, `descripcion`, `cantidad`, `costo`, `estado`) VALUES
(1, 11, 1, 'MAJAS 120GR', '1', '2.50', 0),
(2, 6, 2, 'CECINA 100GR', '1', '3.40', 0),
(3, 7, 3, 'CHORIZO 34GR', '3', '2.50', 0),
(4, 8, 2, 'CECINA 100GR', '1', '3.40', 0),
(5, 8, 3, 'CHORIZO 34GR', '2', '2.72', 0),
(6, 9, 2, 'CECINA 100GR', '1', '3.40', 0),
(7, 9, 4, 'UN HUEVO', '1', '0.22', 0),
(8, 63, 6, 'GALLINA 200GR', '1', '0.00', 0);

-- --------------------------------------------------------

--
-- Estructura de tabla para la tabla `item_kiosko`
--

CREATE TABLE IF NOT EXISTS `item_kiosko` (
  `iditem_kiosko` int(10) NOT NULL AUTO_INCREMENT,
  `iditem_cat_kiosko` int(10) NOT NULL,
  `stock` varchar(10) NOT NULL,
  `descripcion` varchar(255) NOT NULL,
  `cod_barra` varchar(255) NOT NULL,
  `pventa` varchar(10) NOT NULL,
  `estado` int(1) NOT NULL DEFAULT '0',
  PRIMARY KEY (`iditem_kiosko`)
) ENGINE=InnoDB  DEFAULT CHARSET=latin1 AUTO_INCREMENT=4 ;

--
-- Volcado de datos para la tabla `item_kiosko`
--

INSERT INTO `item_kiosko` (`iditem_kiosko`, `iditem_cat_kiosko`, `stock`, `descripcion`, `cod_barra`, `pventa`, `estado`) VALUES
(1, 1, '10', 'CORONA 525ML', '123456', '7.00', 0),
(2, 1, '20', 'CRISTAL 625ML', '1234567', '6', 0),
(3, 2, '9', 'FANTA PERSONAL', '1234', '2.5', 0);

-- --------------------------------------------------------

--
-- Estructura de tabla para la tabla `kardex`
--

CREATE TABLE IF NOT EXISTS `kardex` (
  `idkardex` int(10) NOT NULL AUTO_INCREMENT,
  `idoperacion` varchar(20) NOT NULL COMMENT 'C: compras P:pedido A:almacenIE',
  `idorg` int(10) NOT NULL,
  `idsede` int(10) NOT NULL,
  `idalmacen` int(10) NOT NULL,
  `tipo_operacion` int(1) NOT NULL COMMENT '1:entrada 2: salida',
  `fecha` varchar(30) NOT NULL,
  `documento` varchar(80) NOT NULL,
  `idusuario` int(10) NOT NULL,
  `estado` int(1) NOT NULL DEFAULT '0',
  PRIMARY KEY (`idkardex`)
) ENGINE=InnoDB  DEFAULT CHARSET=latin1 AUTO_INCREMENT=37 ;

--
-- Volcado de datos para la tabla `kardex`
--

INSERT INTO `kardex` (`idkardex`, `idoperacion`, `idorg`, `idsede`, `idalmacen`, `tipo_operacion`, `fecha`, `documento`, `idusuario`, `estado`) VALUES
(1, '42', 1, 1, 3, 1, '09/05/2017', 'Compras del 09/05/2017', 0, 0),
(2, 'C43', 1, 1, 3, 1, '09/05/2017', '', 0, 0),
(3, 'A9', 1, 1, 1, 2, '09/05/2017', 'AAAA', 0, 0),
(4, 'A10', 1, 1, 1, 2, '09/05/2017', '', 0, 0),
(5, 'A11', 1, 1, 1, 2, '09/05/2017', '', 0, 0),
(6, 'A12', 1, 1, 1, 2, '09/05/2017', '', 0, 0),
(7, 'A13', 1, 1, 1, 2, '09/05/2017', '', 0, 0),
(8, 'A14', 1, 1, 1, 2, '09/05/2017', '', 0, 0),
(9, 'A15', 1, 1, 1, 2, '09/05/2017', '', 0, 0),
(10, 'C44', 1, 1, 2, 1, '12/05/2017', 'Compras del 12/05/2017', 0, 0),
(11, 'C45', 1, 1, 3, 1, '13/05/2017', 'Compras del 13/05/2017', 0, 0),
(12, 'C46', 1, 1, 3, 1, '13/05/2017', '', 0, 0),
(13, 'A16', 1, 1, 3, 2, '13/05/2017', 'VENCIDOS', 0, 0),
(14, 'A17', 1, 1, 3, 2, '13/05/2017', 'AAA', 0, 0),
(15, 'A18', 1, 1, 3, 2, '13/05/2017', 'VENCIMIENTO', 0, 0),
(16, 'A19', 1, 1, 3, 2, '13/05/2017', '', 0, 0),
(17, 'A20', 1, 1, 3, 1, '13/05/2017', 'BONIFICACION DEL PROVEEDOR', 0, 0),
(18, 'A21', 1, 1, 2, 2, '13/05/2017', 'ALMUERZO', 0, 0),
(19, 'A22', 1, 1, 2, 1, '13/05/2017', '', 0, 0),
(20, 'C47', 1, 1, 3, 1, '13/05/2017', 'Compras del 13/05/2017', 0, 0),
(21, 'C48', 1, 1, 3, 1, '13/05/2017', '', 0, 0),
(22, 'C49', 1, 1, 3, 1, '13/05/2017', 'Compras del 13/05/2017', 0, 0),
(23, 'C50', 1, 1, 3, 1, '13/05/2017', '', 0, 0),
(24, 'C51', 1, 1, 2, 1, '17/05/2017', 'Compras del 17/05/2017', 0, 0),
(25, 'C52', 1, 1, 2, 1, '17/05/2017', '', 0, 0),
(26, 'C53', 1, 1, 2, 1, '17/05/2017', '', 0, 0),
(27, 'C54', 1, 1, 2, 1, '17/05/2017', '', 0, 0),
(28, 'C55', 1, 1, 3, 1, '17/05/2017', '', 0, 0),
(29, 'C56', 1, 1, 2, 1, '17/05/2017', 'Compras del 17/05/2017', 0, 0),
(30, 'A23', 1, 1, 3, 1, '18/05/2017', '', 0, 0),
(31, 'A24', 1, 1, 3, 2, '18/05/2017', '', 0, 0),
(32, 'A25', 1, 1, 3, 2, '18/05/2017', 'VENCIMIENTO', 0, 0),
(33, 'A26', 1, 1, 1, 2, '18/05/2017', '', 0, 0),
(34, 'A27', 1, 1, 3, 2, '18/05/2017', '', 0, 0),
(35, 'A28', 1, 1, 3, 2, '18/05/2017', 'BRINDIS POR BUENAS VENTAS', 0, 0),
(36, 'C57', 1, 1, 2, 1, '15/06/2017', 'Compras del 15/06/2017', 0, 0);

-- --------------------------------------------------------

--
-- Estructura de tabla para la tabla `kardex_detalle`
--

CREATE TABLE IF NOT EXISTS `kardex_detalle` (
  `idkardex_detalle` int(10) NOT NULL AUTO_INCREMENT,
  `idkardex` int(10) NOT NULL,
  `idoperacion` varchar(20) NOT NULL COMMENT 'C: compras P:pedido A:almacenIE',
  `idp` int(10) NOT NULL,
  `procede` int(1) NOT NULL COMMENT '0:producto 1: porcion',
  `cantidad` varchar(10) NOT NULL,
  `stock_a_fecha` varchar(10) NOT NULL,
  `valor_unitario` varchar(10) NOT NULL,
  `estado` int(1) NOT NULL DEFAULT '0',
  PRIMARY KEY (`idkardex_detalle`)
) ENGINE=InnoDB  DEFAULT CHARSET=latin1 AUTO_INCREMENT=6 ;

--
-- Volcado de datos para la tabla `kardex_detalle`
--

INSERT INTO `kardex_detalle` (`idkardex_detalle`, `idkardex`, `idoperacion`, `idp`, `procede`, `cantidad`, `stock_a_fecha`, `valor_unitario`, `estado`) VALUES
(1, 0, '42', 34, 0, '15', '115', '4.5', 0),
(2, 0, 'C43', 35, 0, '12', '112', '4.5', 0),
(3, 0, 'A9', 35, 0, '-2', '98', '', 0),
(4, 0, 'A10', 35, 0, '1', '101', '', 0),
(5, 0, 'A13', 35, 0, '-5', '100', '', 0);

-- --------------------------------------------------------

--
-- Estructura de tabla para la tabla `org`
--

CREATE TABLE IF NOT EXISTS `org` (
  `idorg` int(10) NOT NULL AUTO_INCREMENT,
  `nombre` varchar(200) NOT NULL,
  `direccion` varchar(200) NOT NULL,
  `ruc` varchar(20) NOT NULL,
  `telefono` varchar(200) NOT NULL,
  `email` varchar(200) NOT NULL,
  `estado` int(1) NOT NULL DEFAULT '0',
  PRIMARY KEY (`idorg`)
) ENGINE=InnoDB  DEFAULT CHARSET=latin1 AUTO_INCREMENT=2 ;

--
-- Volcado de datos para la tabla `org`
--

INSERT INTO `org` (`idorg`, `nombre`, `direccion`, `ruc`, `telefono`, `email`, `estado`) VALUES
(1, 'SAN CARLOS EIRL', 'JR REYES GUERRA C 7', '', '', '', 0);

-- --------------------------------------------------------

--
-- Estructura de tabla para la tabla `pedido`
--

CREATE TABLE IF NOT EXISTS `pedido` (
  `idpedido` int(10) NOT NULL AUTO_INCREMENT,
  `idorg` int(10) NOT NULL,
  `idsede` int(10) NOT NULL,
  `idcliente` int(10) NOT NULL,
  `idusuario` int(10) NOT NULL,
  `idregistro_pago` int(10) NOT NULL,
  `fecha` varchar(25) NOT NULL,
  `hora` varchar(25) NOT NULL,
  `fecha_hora` datetime NOT NULL,
  `nummesa` int(10) NOT NULL,
  `numpedido` int(10) NOT NULL,
  `correlativo_dia` int(4) NOT NULL,
  `reserva` int(1) NOT NULL DEFAULT '0',
  `referencia` varchar(50) NOT NULL,
  `total` varchar(10) NOT NULL,
  `total_r` char(10) NOT NULL COMMENT 'registra el total del pedido',
  `solo_llevar` int(1) NOT NULL DEFAULT '0',
  `idtipo_consumo` int(10) NOT NULL COMMENT 'firts id',
  `idcategoria` int(10) NOT NULL,
  `tiempo_atencion` varchar(50) NOT NULL COMMENT 'desde pedido hasta despacho',
  `cierre` int(1) NOT NULL DEFAULT '0',
  `motivo_anular` varchar(80) NOT NULL,
  `estado` int(1) NOT NULL DEFAULT '0' COMMENT '0: nuevo, 1:despachado, 2:pagado 3:anulado 4:retirado de despacho',
  PRIMARY KEY (`idpedido`)
) ENGINE=InnoDB  DEFAULT CHARSET=latin1 AUTO_INCREMENT=217 ;

--
-- Volcado de datos para la tabla `pedido`
--

INSERT INTO `pedido` (`idpedido`, `idorg`, `idsede`, `idcliente`, `idusuario`, `idregistro_pago`, `fecha`, `hora`, `fecha_hora`, `nummesa`, `numpedido`, `correlativo_dia`, `reserva`, `referencia`, `total`, `total_r`, `solo_llevar`, `idtipo_consumo`, `idcategoria`, `tiempo_atencion`, `cierre`, `motivo_anular`, `estado`) VALUES
(1, 1, 1, 0, 1, 1, '15/06/2017', '02:27:19', '2017-06-15 02:27:19', 0, 1, 1, 0, '', '20', '', 0, 1, 1, '', 1, 'aaaaaaaaaa', 3),
(2, 1, 1, 0, 1, 2, '16/06/2017', '02:01:37', '2017-06-16 02:01:37', 0, 2, 1, 0, '', '520', '', 0, 1, 1, '', 2, '', 2),
(3, 1, 1, 0, 1, 0, '04/07/2017', '02:36:54', '2017-07-04 02:36:54', 2, 3, 1, 0, '', '0.00', '', 0, 1, 1, '', 2, '', 2),
(4, 1, 1, 0, 1, 0, '04/07/2017', '02:51:14', '2017-07-04 02:51:14', 2, 4, 2, 0, '', '0.00', '', 0, 1, 1, '', 2, '', 2),
(5, 1, 1, 0, 1, 0, '04/07/2017', '03:04:00', '2017-07-04 03:04:00', 2, 5, 3, 0, '', '0.00', '', 0, 1, 1, '', 1, 'por error', 3),
(6, 1, 1, 0, 1, 69, '06/07/2017', '00:48:14', '2017-07-06 00:48:14', 1, 6, 1, 0, '', '2', '', 0, 1, 1, '', 2, '', 2),
(7, 1, 1, 0, 1, 0, '06/07/2017', '00:51:08', '2017-07-06 00:51:08', 4, 7, 2, 0, '', '-15.00', '', 0, 1, 1, '', 1, 'anulado desde registro publico', 3),
(8, 1, 1, 0, 1, 0, '06/07/2017', '00:52:21', '2017-07-06 00:52:21', 2, 8, 3, 0, '', '0.00', '', 0, 1, 1, '', 2, '', 2),
(9, 1, 1, 0, 1, 0, '06/07/2017', '00:53:10', '2017-07-06 00:53:10', 3, 9, 4, 0, '', '0.00', '', 0, 1, 1, '', 2, '', 2),
(10, 1, 1, 0, 1, 3, '06/07/2017', '01:01:15', '2017-07-06 01:01:15', 5, 10, 5, 0, '', '20', '', 0, 1, 1, '', 2, '', 2),
(11, 1, 1, 0, 1, 0, '06/07/2017', '01:02:04', '2017-07-06 01:02:04', 2, 11, 6, 0, '', '0.00', '', 0, 1, 1, '', 2, '', 2),
(12, 1, 1, 0, 1, 0, '06/07/2017', '01:03:26', '2017-07-06 01:03:26', 1, 12, 7, 0, '', '0.00', '', 0, 1, 1, '', 2, '', 2),
(13, 1, 1, 0, 1, 0, '06/07/2017', '01:24:08', '2017-07-06 01:24:08', 2, 13, 8, 0, '', '0.00', '', 0, 1, 1, '', 2, '', 2),
(14, 1, 1, 0, 1, 6, '08/07/2017', '02:46:05', '2017-07-08 02:46:05', 7, 14, 1, 0, '', '10.00', '', 0, 1, 1, '', 2, '', 2),
(15, 1, 1, 0, 1, 0, '08/07/2017', '02:53:38', '2017-07-08 02:53:38', 4, 15, 2, 0, '', '0.00', '', 0, 1, 1, '', 2, '', 2),
(16, 1, 1, 0, 1, 0, '08/07/2017', '23:25:45', '2017-07-08 23:25:45', 20, 16, 3, 0, '', '0.00', '', 0, 1, 1, '', 2, '', 2),
(17, 1, 1, 0, 1, 0, '08/07/2017', '23:26:52', '2017-07-08 23:26:52', 20, 17, 4, 0, '', '0.00', '', 0, 1, 1, '', 2, '', 2),
(18, 1, 1, 0, 1, 12, '08/07/2017', '23:28:10', '2017-07-08 23:28:10', 20, 18, 5, 0, '', '40.00', '', 0, 1, 1, '', 2, '', 2),
(19, 1, 1, 0, 1, 4, '08/07/2017', '23:32:21', '2017-07-08 23:32:21', 12, 19, 6, 0, '', '10', '', 0, 1, 1, '', 2, '', 2),
(20, 1, 1, 0, 1, 8, '08/07/2017', '23:40:31', '2017-07-08 23:40:31', 21, 20, 7, 0, '', '155.00', '', 0, 1, 1, '', 2, '', 2),
(21, 1, 1, 0, 1, 11, '09/07/2017', '03:10:54', '2017-07-09 03:10:54', 20, 21, 1, 0, '', '10.00', '', 0, 1, 1, '', 2, '', 2),
(22, 1, 1, 0, 1, 11, '09/07/2017', '03:12:53', '2017-07-09 03:12:53', 20, 22, 2, 0, '', '50', '', 0, 1, 1, '', 2, '', 2),
(23, 1, 1, 0, 1, 14, '09/07/2017', '03:16:38', '2017-07-09 03:16:38', 20, 23, 3, 0, '', '30.00', '', 0, 1, 1, '', 2, '', 2),
(24, 1, 1, 0, 1, 70, '13/07/2017', '03:29:40', '2017-07-13 03:29:40', 20, 24, 1, 0, '', '40', '', 0, 1, 1, '', 2, '', 2),
(25, 1, 1, 0, 1, 70, '13/07/2017', '03:30:11', '2017-07-13 03:30:11', 20, 25, 2, 0, '', '45', '', 0, 1, 1, '', 2, '', 2),
(26, 1, 1, 0, 1, 0, '13/07/2017', '04:26:30', '2017-07-13 04:26:30', 21, 26, 3, 0, '', '-20.00', '', 0, 1, 1, '', 2, '', 2),
(27, 1, 1, 0, 1, 0, '13/07/2017', '04:26:42', '2017-07-13 04:26:42', 21, 27, 4, 0, '', '0.00', '', 0, 1, 1, '', 2, '', 2),
(28, 1, 1, 0, 1, 0, '13/07/2017', '04:37:52', '2017-07-13 04:37:52', 21, 28, 5, 0, '', '-20.00', '', 0, 1, 1, '', 2, '', 2),
(29, 1, 1, 0, 1, 0, '13/07/2017', '04:38:05', '2017-07-13 04:38:05', 21, 29, 6, 0, '', '0.00', '', 0, 1, 1, '', 2, '', 2),
(30, 1, 1, 0, 1, 0, '13/07/2017', '04:46:59', '2017-07-13 04:46:59', 22, 30, 7, 0, '', '0.00', '', 0, 1, 1, '', 2, '', 2),
(31, 1, 1, 0, 1, 0, '13/07/2017', '04:47:14', '2017-07-13 04:47:14', 22, 31, 8, 0, '', '0.00', '', 0, 1, 1, '', 2, '', 2),
(32, 1, 1, 0, 1, 0, '13/07/2017', '04:47:29', '2017-07-13 04:47:29', 22, 32, 9, 0, '', '0.00', '', 0, 1, 1, '', 2, '', 2),
(33, 1, 1, 0, 1, 0, '13/07/2017', '04:54:04', '2017-07-13 04:54:04', 15, 33, 10, 0, '', '0.00', '', 0, 1, 1, '', 2, '', 2),
(34, 1, 1, 0, 1, 0, '13/07/2017', '04:54:25', '2017-07-13 04:54:25', 15, 34, 11, 0, '', '0.00', '', 0, 1, 1, '', 2, '', 2),
(35, 1, 1, 0, 1, 0, '13/07/2017', '04:54:44', '2017-07-13 04:54:44', 15, 35, 12, 0, '', '0.00', '', 0, 1, 1, '', 2, '', 2),
(36, 1, 1, 0, 1, 0, '13/07/2017', '04:59:45', '2017-07-13 04:59:45', 5, 36, 13, 0, '', '-17.00', '', 0, 1, 1, '', 2, '', 2),
(37, 1, 1, 0, 1, 0, '13/07/2017', '05:23:30', '2017-07-13 05:23:30', 25, 37, 14, 0, '', '0.00', '', 0, 1, 1, '', 2, '', 2),
(38, 1, 1, 0, 1, 0, '13/07/2017', '05:26:30', '2017-07-13 05:26:30', 0, 38, 15, 0, '', '0.00', '', 0, 1, 1, '', 2, '', 2),
(39, 1, 1, 0, 1, 0, '13/07/2017', '05:38:34', '2017-07-13 05:38:34', 0, 39, 16, 0, '', '0.00', '', 0, 1, 1, '', 2, '', 2),
(40, 1, 1, 0, 1, 0, '13/07/2017', '05:38:46', '2017-07-13 05:38:46', 10, 40, 17, 0, '', '0.00', '', 0, 1, 1, '', 2, '', 2),
(41, 1, 1, 0, 1, 0, '13/07/2017', '05:42:30', '2017-07-13 05:42:30', 0, 41, 18, 0, '', '0.00', '', 0, 1, 1, '', 2, '', 2),
(42, 1, 1, 0, 1, 0, '13/07/2017', '05:42:56', '2017-07-13 05:42:56', 12, 42, 19, 0, '', '0.00', '', 0, 1, 1, '', 2, '', 2),
(43, 1, 1, 0, 1, 0, '13/07/2017', '05:43:39', '2017-07-13 05:43:39', 12, 43, 20, 0, '', '0.00', '', 0, 1, 1, '', 2, '', 2),
(44, 1, 1, 0, 1, 0, '13/07/2017', '05:48:39', '2017-07-13 05:48:39', 15, 44, 21, 0, '', '0.00', '', 0, 1, 1, '', 2, '', 2),
(45, 1, 1, 0, 1, 0, '13/07/2017', '05:56:22', '2017-07-13 05:56:22', 0, 45, 22, 0, '', '0.00', '', 0, 1, 1, '', 2, '', 2),
(46, 1, 1, 0, 1, 0, '13/07/2017', '05:56:49', '2017-07-13 05:56:49', 20, 46, 23, 0, '', '-10.00', '', 0, 1, 1, '', 2, '', 2),
(47, 1, 1, 0, 1, 0, '13/07/2017', '07:12:35', '2017-07-13 07:12:35', 18, 47, 24, 0, '', '0.00', '', 0, 1, 1, '', 2, '', 2),
(48, 1, 1, 0, 1, 0, '13/07/2017', '07:15:08', '2017-07-13 07:15:08', 19, 48, 25, 0, '', '0.00', '', 0, 1, 1, '', 2, '', 2),
(49, 1, 1, 0, 1, 0, '13/07/2017', '07:15:28', '2017-07-13 07:15:28', 19, 49, 26, 0, '', '0.00', '', 0, 1, 1, '', 2, '', 2),
(50, 1, 1, 0, 1, 0, '13/07/2017', '07:15:42', '2017-07-13 07:15:42', 19, 50, 27, 0, '', '0.00', '', 0, 1, 1, '', 2, '', 2),
(51, 1, 1, 0, 1, 0, '13/07/2017', '07:16:00', '2017-07-13 07:16:00', 0, 51, 28, 0, '', '0.00', '', 0, 1, 1, '', 2, '', 2),
(52, 1, 1, 0, 1, 0, '13/07/2017', '07:19:32', '2017-07-13 07:19:32', 9, 52, 29, 0, '', '0.00', '', 0, 1, 1, '', 2, '', 2),
(53, 1, 1, 0, 1, 0, '13/07/2017', '07:19:45', '2017-07-13 07:19:45', 9, 53, 30, 0, '', '0.00', '', 0, 1, 1, '', 2, '', 2),
(54, 1, 1, 0, 1, 0, '13/07/2017', '07:20:05', '2017-07-13 07:20:05', 9, 54, 31, 0, '', '0.00', '', 0, 1, 1, '', 2, '', 2),
(55, 1, 1, 0, 1, 0, '13/07/2017', '07:20:15', '2017-07-13 07:20:15', 9, 55, 32, 0, '', '0.00', '', 0, 1, 1, '', 2, '', 2),
(56, 1, 1, 0, 1, 0, '13/07/2017', '07:24:51', '2017-07-13 07:24:51', 10, 56, 33, 0, '', '0.00', '', 0, 1, 1, '', 2, '', 2),
(57, 1, 1, 0, 1, 0, '17/07/2017', '23:21:26', '2017-07-17 23:21:26', 2, 57, 1, 0, '', '0.00', '', 0, 1, 1, '', 2, '', 2),
(58, 1, 1, 0, 1, 0, '22/07/2017', '00:43:46', '2017-07-22 00:43:46', 1, 58, 1, 0, '', '0.00', '', 0, 1, 1, '', 2, '', 2),
(59, 1, 1, 0, 1, 0, '22/07/2017', '00:47:20', '2017-07-22 00:47:20', 7, 59, 2, 0, '', '0.00', '', 0, 1, 1, '', 2, '', 2),
(60, 1, 1, 0, 1, 0, '05/08/2017', '16:41:01', '2017-08-05 16:41:01', 1, 60, 1, 0, '', '0.00', '', 0, 1, 1, '', 2, '', 2),
(61, 1, 1, 0, 1, 0, '05/08/2017', '16:42:17', '2017-08-05 16:42:17', 1, 61, 2, 0, '', '0.00', '', 0, 1, 1, '', 2, '', 2),
(62, 1, 1, 0, 1, 0, '05/08/2017', '22:10:36', '2017-08-05 22:10:36', 2, 62, 3, 0, '', '0.00', '', 0, 1, 1, '', 2, '', 2),
(63, 1, 1, 0, 1, 0, '14/08/2017', '21:39:44', '2017-08-14 21:39:44', 0, 63, 1, 0, '', '-0.50', '', 0, 1, 1, '', 2, '', 2),
(64, 1, 1, 0, 1, 0, '14/08/2017', '21:41:17', '2017-08-14 21:41:17', 5, 64, 2, 0, 'rapido', '0.00', '', 0, 1, 1, '', 2, '', 2),
(65, 1, 1, 0, 1, 0, '18/08/2017', '17:24:59', '2017-08-18 17:24:59', 0, 65, 1, 0, '', '0.00', '', 0, 1, 1, '', 2, '', 2),
(66, 1, 1, 0, 1, 0, '18/08/2017', '17:26:32', '2017-08-18 17:26:32', 0, 66, 2, 0, '', '0.00', '', 0, 1, 1, '', 2, '', 2),
(67, 1, 1, 0, 1, 0, '18/08/2017', '17:26:35', '2017-08-18 17:26:35', 0, 67, 3, 0, '', '0.00', '', 0, 1, 1, '', 2, '', 2),
(68, 1, 1, 0, 1, 0, '18/08/2017', '17:30:58', '2017-08-18 17:30:58', 4, 68, 4, 0, '', '0.00', '', 0, 1, 1, '', 2, '', 2),
(69, 1, 1, 0, 1, 0, '18/08/2017', '17:31:08', '2017-08-18 17:31:08', 4, 69, 5, 0, '', '0.00', '', 0, 1, 1, '', 2, '', 2),
(70, 1, 1, 0, 1, 0, '18/08/2017', '17:31:31', '2017-08-18 17:31:31', 4, 70, 6, 0, '', '0.00', '', 0, 1, 1, '', 2, '', 2),
(71, 1, 1, 0, 1, 0, '18/08/2017', '17:31:45', '2017-08-18 17:31:45', 4, 71, 7, 0, '', '0.00', '', 0, 1, 1, '', 2, '', 2),
(72, 1, 1, 0, 1, 0, '18/08/2017', '17:31:47', '2017-08-18 17:31:47', 4, 72, 8, 0, '', '0.00', '', 0, 1, 1, '', 2, '', 2),
(73, 1, 1, 0, 1, 0, '18/08/2017', '17:31:49', '2017-08-18 17:31:49', 4, 73, 9, 0, '', '0.00', '', 0, 1, 1, '', 2, '', 2),
(74, 1, 1, 0, 1, 0, '18/08/2017', '17:31:49', '2017-08-18 17:31:49', 4, 74, 10, 0, '', '0.00', '', 0, 1, 1, '', 2, '', 2),
(75, 1, 1, 0, 1, 0, '18/08/2017', '17:31:50', '2017-08-18 17:31:50', 4, 75, 11, 0, '', '0.00', '', 0, 1, 1, '', 2, '', 2),
(76, 1, 1, 0, 1, 0, '18/08/2017', '17:31:50', '2017-08-18 17:31:50', 4, 76, 12, 0, '', '0.00', '', 0, 1, 1, '', 2, '', 2),
(77, 1, 1, 0, 1, 0, '18/08/2017', '17:31:50', '2017-08-18 17:31:50', 4, 77, 13, 0, '', '0.00', '', 0, 1, 1, '', 2, '', 2),
(78, 1, 1, 0, 1, 0, '18/08/2017', '17:38:15', '2017-08-18 17:38:15', 4, 78, 14, 0, '', '0.00', '', 0, 1, 1, '', 2, '', 2),
(79, 1, 1, 0, 1, 0, '18/08/2017', '17:39:17', '2017-08-18 17:39:17', 4, 79, 15, 0, '', '0.00', '', 0, 1, 1, '', 2, '', 2),
(80, 1, 1, 0, 1, 0, '18/08/2017', '17:40:52', '2017-08-18 17:40:52', 4, 80, 16, 0, '', '0.00', '', 0, 1, 1, '', 2, '', 2),
(81, 1, 1, 0, 1, 0, '18/08/2017', '20:06:25', '2017-08-18 20:06:25', 4, 81, 17, 0, '', '0.00', '', 0, 1, 1, '', 2, '', 2),
(82, 1, 1, 0, 1, 0, '18/08/2017', '20:26:45', '2017-08-18 20:26:45', 2, 82, 18, 0, '', '0.00', '', 0, 1, 1, '', 2, '', 2),
(83, 1, 1, 0, 1, 0, '18/08/2017', '20:26:55', '2017-08-18 20:26:55', 0, 83, 19, 0, '', '4', '', 1, 2, 1, '', 2, '', 2),
(84, 1, 1, 0, 1, 0, '18/08/2017', '20:38:05', '2017-08-18 20:38:05', 1, 84, 20, 0, '', '0.00', '', 0, 1, 1, '', 2, '', 2),
(85, 1, 1, 0, 1, 0, '19/08/2017', '01:20:35', '2017-08-19 01:20:35', 2, 85, 1, 0, '', '0.00', '', 0, 1, 1, '', 2, '', 2),
(86, 1, 1, 0, 1, 0, '19/08/2017', '01:20:44', '2017-08-19 01:20:44', 0, 86, 2, 0, '', '0.00', '', 1, 2, 1, '', 2, '', 2),
(87, 1, 1, 0, 1, 0, '19/08/2017', '01:51:10', '2017-08-19 01:51:10', 1, 87, 3, 0, '', '0.00', '', 0, 1, 1, '', 2, '', 2),
(88, 1, 1, 0, 1, 0, '19/08/2017', '01:51:36', '2017-08-19 01:51:36', 0, 88, 4, 0, '', '0.00', '', 1, 2, 1, '', 2, '', 2),
(89, 1, 1, 0, 1, 0, '19/08/2017', '01:52:15', '2017-08-19 01:52:15', 2, 89, 5, 0, '', '0.00', '', 0, 1, 1, '', 2, '', 2),
(90, 1, 1, 0, 1, 0, '19/08/2017', '01:52:24', '2017-08-19 01:52:24', 0, 90, 6, 0, '', '0.00', '', 1, 2, 1, '', 2, '', 2),
(91, 1, 1, 0, 1, 0, '19/08/2017', '03:33:41', '2017-08-19 03:33:41', 2, 91, 7, 0, '', '0.00', '', 0, 1, 1, '', 2, '', 2),
(92, 1, 1, 0, 1, 0, '19/08/2017', '03:34:47', '2017-08-19 03:34:47', 1, 92, 8, 0, '', '0.00', '', 0, 1, 1, '', 2, '', 2),
(93, 1, 1, 0, 1, 0, '22/08/2017', '03:07:37', '2017-08-22 03:07:37', 5, 93, 1, 0, '', '0.00', '', 0, 1, 1, '', 2, '', 2),
(94, 1, 1, 0, 1, 0, '22/08/2017', '03:08:02', '2017-08-22 03:08:02', 6, 94, 2, 0, '', '25', '', 0, 1, 1, '', 2, '', 2),
(95, 1, 1, 0, 1, 0, '22/08/2017', '12:02:36', '2017-08-22 12:02:36', 20, 95, 3, 0, 'SR. JUAN PEREZ', '16', '', 0, 1, 1, '', 2, '', 2),
(96, 1, 1, 0, 1, 0, '29/08/2017', '06:56:25', '2017-08-29 06:56:25', 20, 96, 1, 0, '', '20', '', 0, 1, 1, '', 2, '', 2),
(97, 1, 1, 0, 1, 0, '29/08/2017', '06:57:49', '2017-08-29 06:57:49', 10, 97, 2, 0, '', '40', '', 0, 1, 1, '', 2, '', 2),
(98, 1, 1, 0, 1, 0, '29/08/2017', '07:01:36', '2017-08-29 07:01:36', 8, 98, 3, 0, '', '42', '', 0, 1, 1, '', 2, '', 2),
(99, 1, 1, 0, 1, 0, '29/08/2017', '17:30:41', '2017-08-29 17:30:41', 15, 99, 4, 0, '', '30', '', 0, 1, 1, '', 2, '', 2),
(100, 1, 1, 0, 1, 0, '29/08/2017', '17:44:57', '2017-08-29 17:44:57', 11, 100, 5, 0, '', '45', '', 0, 1, 1, '', 2, '', 2),
(101, 1, 1, 0, 1, 0, '29/08/2017', '17:53:02', '2017-08-29 17:53:02', 5, 101, 6, 0, '', '30', '', 0, 1, 1, '', 2, '', 2),
(102, 1, 1, 0, 1, 0, '29/08/2017', '17:53:33', '2017-08-29 17:53:33', 12, 102, 7, 0, '', '39', '', 0, 1, 1, '', 2, '', 2),
(103, 1, 1, 0, 1, 0, '29/08/2017', '17:57:23', '2017-08-29 17:57:23', 13, 103, 8, 0, '', '276', '', 0, 1, 1, '', 2, '', 2),
(104, 1, 1, 0, 1, 0, '29/08/2017', '19:39:41', '2017-08-29 19:39:41', 14, 104, 9, 0, '', '34', '', 0, 1, 1, '', 2, '', 2),
(105, 1, 1, 0, 1, 0, '29/08/2017', '19:41:24', '2017-08-29 19:41:24', 17, 105, 10, 0, '', '75', '', 0, 1, 1, '', 2, '', 2),
(106, 1, 1, 0, 1, 0, '29/08/2017', '19:42:32', '2017-08-29 19:42:32', 18, 106, 11, 0, '', '63', '', 0, 2, 1, '', 2, '', 2),
(107, 1, 1, 0, 1, 0, '29/08/2017', '19:42:57', '2017-08-29 19:42:57', 18, 107, 12, 0, '', '12', '', 0, 1, 1, '', 2, '', 2),
(108, 1, 1, 0, 1, 0, '29/08/2017', '19:46:26', '2017-08-29 19:46:26', 19, 108, 13, 0, '', '58', '', 0, 1, 1, '', 2, '', 2),
(109, 1, 1, 0, 1, 0, '30/08/2017', '11:01:20', '2017-08-30 11:01:20', 2, 109, 1, 0, '', '81', '', 0, 1, 1, '', 2, '', 2),
(110, 1, 1, 0, 1, 0, '01/09/2017', '00:19:30', '2017-09-01 00:19:30', 5, 110, 1, 0, '', '54', '', 0, 1, 1, '', 2, '', 2),
(111, 1, 1, 0, 1, 136, '01/09/2017', '00:23:50', '2017-09-01 00:23:50', 6, 111, 2, 0, '', '0', '', 0, 1, 1, '', 2, '', 2),
(112, 1, 1, 0, 1, 183, '01/09/2017', '00:33:43', '2017-09-01 00:33:43', 8, 112, 3, 0, '', '0', '', 0, 1, 1, '', 2, '', 2),
(113, 1, 1, 0, 1, 186, '01/09/2017', '00:38:50', '2017-09-01 00:38:50', 9, 113, 4, 0, '', '0', '', 0, 1, 1, '', 2, '', 2),
(114, 1, 1, 0, 1, 0, '01/09/2017', '00:39:22', '2017-09-01 00:39:22', 10, 114, 5, 0, '', '-20', '', 0, 1, 1, '', 1, 'ccc', 3),
(115, 1, 1, 0, 1, 0, '01/09/2017', '02:19:27', '2017-09-01 02:19:27', 14, 115, 6, 0, '', '1', '', 0, 2, 1, '', 1, 'aaa', 3),
(116, 1, 1, 0, 1, 174, '01/09/2017', '16:56:22', '2017-09-01 16:56:22', 5, 116, 7, 0, '', '0', '', 0, 1, 1, '', 2, '', 2),
(117, 1, 1, 0, 1, 183, '01/09/2017', '16:59:04', '2017-09-01 16:59:04', 8, 117, 8, 0, '', '0', '', 0, 1, 1, '', 2, '', 2),
(118, 1, 1, 0, 1, 0, '01/09/2017', '17:04:10', '2017-09-01 17:04:10', 6, 118, 9, 0, '', '22', '', 0, 1, 1, '', 2, '', 4),
(119, 1, 1, 0, 1, 186, '01/09/2017', '17:08:30', '2017-09-01 17:08:30', 9, 119, 10, 0, '', '0', '', 0, 1, 1, '', 2, '', 2),
(120, 1, 1, 0, 1, 183, '04/09/2017', '00:31:19', '2017-09-04 00:31:19', 8, 120, 1, 0, '', '0', '', 0, 1, 1, '', 2, '', 2),
(121, 1, 1, 0, 1, 0, '04/09/2017', '01:01:59', '2017-09-04 01:01:59', 8, 121, 2, 0, '', '24', '', 0, 1, 1, '', 1, 'xxaaa', 3),
(122, 1, 1, 0, 1, 174, '04/09/2017', '01:03:10', '2017-09-04 01:03:10', 5, 122, 3, 0, '', '0', '', 0, 1, 1, '', 2, '', 2),
(123, 1, 1, 0, 1, 174, '04/09/2017', '01:03:22', '2017-09-04 01:03:22', 5, 123, 4, 0, '', '0', '', 0, 1, 1, '', 2, '', 2),
(124, 1, 1, 0, 1, 174, '04/09/2017', '01:03:42', '2017-09-04 01:03:42', 5, 124, 5, 0, '', '0', '', 0, 1, 1, '', 2, '', 2),
(125, 1, 1, 0, 1, 184, '04/09/2017', '01:04:13', '2017-09-04 01:04:13', 0, 125, 6, 0, '', '0', '', 0, 1, 1, '', 2, '', 2),
(126, 1, 1, 0, 1, 174, '04/09/2017', '01:04:54', '2017-09-04 01:04:54', 5, 126, 7, 0, '', '0', '', 0, 1, 1, '', 2, '', 2),
(127, 1, 1, 0, 1, 0, '04/09/2017', '01:07:12', '2017-09-04 01:07:12', 5, 127, 8, 0, '', '15', '', 0, 1, 1, '', 2, '', 4),
(128, 1, 1, 0, 1, 0, '04/09/2017', '01:07:31', '2017-09-04 01:07:31', 8, 128, 9, 0, '', '-71.00', '', 0, 1, 1, '', 2, '', 2),
(129, 1, 1, 0, 1, 174, '10/09/2017', '01:00:00', '2017-09-10 01:00:00', 5, 129, 1, 0, '', '0', '', 0, 1, 1, '', 2, '', 2),
(130, 1, 1, 0, 1, 134, '10/09/2017', '01:10:39', '2017-09-10 01:10:39', 12, 130, 2, 0, '', '0', '', 0, 1, 1, '', 2, '', 2),
(131, 1, 1, 0, 1, 183, '10/09/2017', '02:43:03', '2017-09-10 02:43:03', 8, 131, 3, 0, '', '0', '', 0, 1, 1, '', 2, '', 2),
(132, 1, 1, 0, 1, 173, '10/09/2017', '02:56:39', '2017-09-10 02:56:39', 13, 132, 4, 0, '', '0', '', 0, 1, 1, '', 2, '', 2),
(133, 1, 1, 0, 1, 172, '11/09/2017', '00:47:37', '2017-09-11 00:47:37', 2, 133, 1, 0, '', '0', '', 0, 1, 1, '', 2, '', 2),
(134, 1, 1, 0, 1, 131, '11/09/2017', '02:03:22', '2017-09-11 02:03:22', 2, 134, 2, 0, 'AAAAAAAA', '-15', '', 0, 1, 1, '', 1, 'bbb', 3),
(135, 1, 1, 0, 1, 183, '11/09/2017', '02:50:59', '2017-09-11 02:50:59', 8, 135, 3, 1, '', '0', '', 0, 1, 1, '', 2, '', 2),
(136, 1, 1, 0, 1, 186, '11/09/2017', '04:13:28', '2017-09-11 03:34:12', 9, 136, 4, 0, 'SERVIR A LA 1PM', '0', '', 0, 1, 1, '', 2, '', 2),
(143, 1, 1, 0, 1, 137, '13/09/2017', '14:55:58', '2017-09-13 14:55:58', 20, 137, 1, 0, '', '0', '12', 0, 1, 1, '', 2, '', 2),
(144, 1, 1, 0, 1, 138, '13/09/2017', '14:56:43', '2017-09-13 14:56:43', 21, 138, 2, 0, '', '0', '12', 0, 1, 1, '', 2, '', 2),
(145, 1, 1, 0, 1, 177, '13/09/2017', '14:59:24', '2017-09-13 14:59:24', 22, 139, 3, 0, '', '0', '40', 0, 1, 1, '', 2, '', 2),
(146, 1, 1, 0, 1, 177, '13/09/2017', '14:59:45', '2017-09-13 14:59:45', 22, 140, 4, 0, '', '0', '45', 0, 1, 1, '', 2, '', 2),
(147, 1, 1, 0, 1, 0, '13/09/2017', '23:29:23', '2017-09-13 23:29:23', 5, 141, 5, 0, '', '10', '10', 0, 1, 1, '', 1, 'xx', 3),
(148, 1, 1, 0, 1, 0, '13/09/2017', '23:29:32', '2017-09-13 23:29:32', 0, 142, 6, 0, '', '10', '10', 0, 1, 1, '', 2, '', 2),
(149, 1, 1, 0, 1, 0, '13/09/2017', '23:30:20', '2017-09-13 23:30:20', 0, 143, 7, 0, '', '10', '10', 0, 1, 1, '', 2, '', 2),
(150, 1, 1, 0, 1, 0, '13/09/2017', '23:30:59', '2017-09-13 23:30:59', 0, 144, 8, 0, '', '10', '10', 0, 1, 1, '', 2, '', 2),
(151, 1, 1, 0, 1, 0, '13/09/2017', '23:36:29', '2017-09-13 23:36:29', 0, 145, 9, 0, '', '10', '10', 0, 1, 1, '', 2, '', 2),
(152, 1, 1, 0, 1, 0, '13/09/2017', '23:38:28', '2017-09-13 23:38:28', 0, 146, 10, 0, '', '10', '10', 0, 1, 1, '', 2, '', 2),
(153, 1, 1, 0, 1, 0, '13/09/2017', '23:41:39', '2017-09-13 23:41:39', 0, 147, 11, 0, '', '10', '10', 0, 1, 1, '', 2, '', 2),
(154, 1, 1, 0, 1, 0, '13/09/2017', '23:43:30', '2017-09-13 23:43:30', 0, 148, 12, 0, '', '10', '10', 0, 1, 1, '', 2, '', 2),
(155, 1, 1, 0, 1, 0, '13/09/2017', '23:45:30', '2017-09-13 23:45:30', 0, 149, 13, 0, '', '10', '10', 0, 1, 1, '', 2, '', 2),
(156, 1, 1, 0, 1, 0, '13/09/2017', '23:46:50', '2017-09-13 23:46:50', 0, 150, 14, 0, '', '10', '10', 0, 1, 1, '', 2, '', 2),
(157, 1, 1, 0, 1, 0, '13/09/2017', '23:47:20', '2017-09-13 23:47:20', 0, 151, 15, 0, '', '10', '10', 0, 1, 1, '', 2, '', 2),
(158, 1, 1, 0, 1, 0, '13/09/2017', '23:49:32', '2017-09-13 23:49:32', 0, 152, 16, 0, '', '10', '10', 0, 1, 1, '', 2, '', 2),
(159, 1, 1, 0, 1, 0, '13/09/2017', '23:51:14', '2017-09-13 23:51:14', 0, 153, 17, 0, '', '4', '4', 0, 1, 1, '', 2, '', 2),
(160, 1, 1, 0, 1, 0, '13/09/2017', '23:53:37', '2017-09-13 23:53:37', 0, 154, 18, 0, '', '10', '10', 0, 1, 1, '', 2, '', 2),
(161, 1, 1, 0, 1, 0, '13/09/2017', '23:55:13', '2017-09-13 23:55:13', 0, 155, 19, 0, '', '20', '20', 0, 1, 1, '', 2, '', 2),
(162, 1, 1, 0, 1, 0, '13/09/2017', '23:55:36', '2017-09-13 23:55:36', 0, 156, 20, 0, '', '10', '10', 0, 1, 1, '', 2, '', 2),
(163, 1, 1, 0, 1, 0, '13/09/2017', '23:56:37', '2017-09-13 23:56:37', 0, 157, 21, 0, '', '10', '10', 0, 1, 1, '', 2, '', 2),
(164, 1, 1, 0, 1, 0, '13/09/2017', '23:57:36', '2017-09-13 23:57:36', 0, 158, 22, 0, '', '10', '10', 0, 1, 1, '', 2, '', 2),
(165, 1, 1, 0, 1, 0, '13/09/2017', '23:58:54', '2017-09-13 23:58:54', 0, 159, 23, 0, '', '10', '10', 0, 1, 1, '', 2, '', 2),
(166, 1, 1, 0, 1, 0, '13/09/2017', '23:59:41', '2017-09-13 23:59:41', 0, 160, 24, 0, '', '10', '10', 0, 1, 1, '', 2, '', 2),
(167, 1, 1, 0, 1, 0, '14/09/2017', '00:00:56', '2017-09-14 00:00:56', 0, 161, 1, 0, '', '10', '10', 0, 1, 1, '', 2, '', 2),
(168, 1, 1, 0, 1, 0, '14/09/2017', '00:02:27', '2017-09-14 00:02:27', 0, 162, 2, 0, '', '10', '10', 0, 1, 1, '', 2, '', 2),
(169, 1, 1, 0, 1, 0, '14/09/2017', '00:03:24', '2017-09-14 00:03:24', 0, 163, 3, 0, '', '4', '4', 0, 1, 1, '', 2, '', 2),
(170, 1, 1, 0, 1, 0, '14/09/2017', '00:04:39', '2017-09-14 00:04:39', 0, 164, 4, 0, '', '4', '4', 0, 1, 1, '', 2, '', 2),
(171, 1, 1, 0, 1, 0, '14/09/2017', '00:05:29', '2017-09-14 00:05:29', 0, 165, 5, 0, '', '10', '10', 0, 1, 1, '', 2, '', 2),
(172, 1, 1, 0, 1, 0, '14/09/2017', '00:06:18', '2017-09-14 00:06:18', 0, 166, 6, 0, '', '10', '10', 0, 1, 1, '', 2, '', 2),
(173, 1, 1, 0, 1, 0, '14/09/2017', '00:09:49', '2017-09-14 00:09:49', 0, 167, 7, 0, '', '14', '14', 0, 1, 1, '', 2, '', 2),
(174, 1, 1, 0, 1, 0, '14/09/2017', '00:10:22', '2017-09-14 00:10:22', 0, 168, 8, 0, '', '10', '10', 0, 1, 1, '', 2, '', 2),
(175, 1, 1, 0, 1, 0, '14/09/2017', '00:10:43', '2017-09-14 00:10:43', 0, 169, 9, 0, '', '10', '10', 0, 1, 1, '', 2, '', 2),
(176, 1, 1, 0, 1, 170, '14/09/2017', '00:11:13', '2017-09-14 00:11:13', 0, 170, 10, 0, '', '0', '10', 0, 1, 1, '', 2, '', 2),
(177, 1, 1, 0, 1, 171, '14/09/2017', '00:44:58', '2017-09-14 00:44:58', 0, 171, 11, 0, '', '0', '10', 0, 1, 1, '', 2, '', 2),
(178, 1, 1, 0, 1, 0, '14/09/2017', '00:50:36', '2017-09-14 00:50:36', 20, 172, 12, 0, '', '10', '10', 0, 1, 1, '', 1, 'aaaa', 3),
(179, 1, 1, 0, 1, 185, '14/09/2017', '01:02:17', '2017-09-14 01:02:17', 18, 173, 13, 0, '', '0', '50', 0, 1, 1, '', 2, '', 2),
(180, 1, 1, 0, 1, 185, '14/09/2017', '01:02:28', '2017-09-14 01:02:28', 18, 174, 14, 0, '', '0', '4', 0, 1, 1, '', 2, '', 2),
(181, 1, 1, 0, 1, 187, '15/09/2017', '01:12:22', '2017-09-15 01:12:22', 0, 175, 1, 0, '', '0', '14', 0, 1, 1, '', 2, '', 2),
(182, 1, 1, 0, 1, 188, '15/09/2017', '01:12:35', '2017-09-15 01:12:35', 0, 176, 2, 0, '', '0', '38', 0, 1, 1, '', 2, '', 2),
(183, 1, 1, 0, 1, 0, '15/09/2017', '01:12:48', '2017-09-15 01:12:48', 5, 177, 3, 0, '', '5', '32', 0, 1, 1, '', 1, 'aaa', 3),
(184, 1, 1, 0, 1, 189, '15/09/2017', '01:29:06', '2017-09-15 01:29:06', 2, 178, 4, 0, '', '0', '61', 0, 1, 1, '', 2, '', 2),
(185, 1, 1, 0, 1, 0, '15/09/2017', '01:30:07', '2017-09-15 01:30:07', 8, 179, 5, 0, '', '5', '15', 0, 1, 1, '', 1, 'aaaaa', 3),
(186, 1, 1, 0, 1, 0, '15/09/2017', '01:50:25', '2017-09-15 01:50:25', 9, 180, 6, 0, '', '-20', '30', 0, 1, 1, '', 1, 'aaaaa', 3),
(187, 1, 1, 0, 1, 194, '15/09/2017', '01:53:00', '2017-09-15 01:53:00', 10, 181, 7, 0, '', '0', '29', 0, 2, 1, '', 2, '', 2),
(188, 1, 1, 0, 1, 0, '15/09/2017', '02:01:26', '2017-09-15 02:01:26', 15, 182, 8, 0, '', '37.5', '37.5', 0, 1, 1, '', 1, 'aaaaa', 3),
(189, 1, 1, 0, 1, 193, '15/09/2017', '02:04:01', '2017-09-15 02:04:01', 18, 183, 9, 0, '', '0', '15', 0, 1, 1, '', 2, '', 2),
(190, 1, 1, 0, 1, 197, '15/09/2017', '02:06:52', '2017-09-15 02:06:52', 11, 184, 10, 0, '', '0', '66.5', 0, 1, 1, '', 2, '', 2),
(191, 1, 1, 0, 1, 196, '15/09/2017', '03:09:40', '2017-09-15 03:09:40', 0, 185, 11, 0, '', '0', '10', 0, 1, 1, '', 2, '', 2),
(192, 1, 1, 0, 1, 198, '15/09/2017', '04:06:04', '2017-09-15 04:06:04', 0, 186, 12, 0, '', '0', '30', 0, 1, 1, '', 1, '', 2),
(193, 1, 1, 0, 1, 199, '15/09/2017', '04:06:57', '2017-09-15 04:06:57', 0, 187, 13, 0, '', '0', '30', 0, 1, 1, '', 1, '', 2),
(194, 1, 1, 0, 1, 200, '15/09/2017', '04:07:23', '2017-09-15 04:07:23', 0, 188, 14, 0, '', '0', '22', 0, 1, 1, '', 1, '', 2),
(195, 1, 1, 0, 1, 201, '15/09/2017', '04:07:47', '2017-09-15 04:07:47', 5, 189, 15, 0, '', '0', '40', 0, 1, 1, '', 1, '', 2),
(196, 1, 1, 0, 1, 0, '15/09/2017', '04:23:08', '2017-09-15 04:23:08', 5, 190, 16, 0, '', '2', '20', 0, 1, 1, '', 1, 'por error', 3),
(197, 1, 1, 0, 1, 0, '15/09/2017', '04:24:16', '2017-09-15 04:24:16', 10, 191, 17, 0, '', '10', '10', 0, 1, 1, '', 1, 'eeee', 3),
(198, 1, 1, 0, 1, 202, '15/09/2017', '04:55:59', '2017-09-15 04:55:59', 0, 192, 18, 0, '', '0', '40', 0, 1, 1, '', 1, 'por x motivos', 3),
(199, 1, 1, 0, 1, 203, '15/09/2017', '04:56:06', '2017-09-15 04:56:06', 5, 193, 19, 0, '', '0', '10', 0, 1, 1, '', 1, 'por error', 3),
(200, 1, 1, 0, 1, 0, '15/09/2017', '04:56:17', '2017-09-15 04:56:17', 9, 194, 20, 0, '', '30', '30', 0, 1, 1, '', 1, 'aaa', 3),
(201, 1, 1, 0, 1, 204, '15/09/2017', '04:57:16', '2017-09-15 04:57:16', 5, 195, 21, 0, '', '0', '2', 0, 1, 1, '', 1, 'por que es una prueba', 3),
(202, 1, 1, 0, 1, 0, '15/09/2017', '05:00:09', '2017-09-15 05:00:09', 12, 196, 22, 0, '', '30.00', '40', 0, 1, 1, '', 1, 'aaaeeeeeeee', 3),
(203, 1, 1, 0, 1, 0, '15/09/2017', '05:01:03', '2017-09-15 05:01:03', 9, 197, 23, 0, '', '10', '10', 0, 1, 1, '', 1, 'aaa', 3),
(204, 1, 1, 0, 1, 0, '15/09/2017', '05:02:01', '2017-09-15 05:02:01', 13, 198, 24, 0, '', '20', '20', 0, 1, 1, '', 1, 'aaaaa', 3),
(205, 1, 1, 0, 1, 205, '15/09/2017', '05:08:21', '2017-09-15 05:08:21', 3, 199, 25, 0, '', '0', '22', 0, 1, 1, '', 1, 'por error', 3),
(206, 1, 1, 0, 1, 0, '15/09/2017', '16:09:26', '2017-09-15 16:09:26', 1, 200, 26, 0, '', '15', '15', 0, 1, 1, '', 1, 'prueba todo el pedido', 3),
(207, 1, 1, 0, 1, 0, '15/09/2017', '20:11:58', '2017-09-15 20:11:58', 2, 201, 27, 0, '', '10', '10', 0, 1, 1, '', 1, 'prueba todos los pedidos 4 de 4', 3),
(208, 1, 1, 0, 1, 0, '15/09/2017', '20:12:14', '2017-09-15 20:12:14', 2, 202, 28, 0, '', '10.00', '20', 0, 1, 1, '', 1, 'prueba solo uno de 2 pedidos', 3),
(209, 1, 1, 0, 1, 0, '15/09/2017', '20:24:48', '2017-09-15 20:24:48', 2, 203, 29, 0, '', '6', '6', 0, 1, 1, '', 1, 'anulado desde registro publico', 3),
(210, 1, 1, 0, 1, 0, '15/09/2017', '20:25:02', '2017-09-15 20:25:02', 2, 204, 30, 0, '', '20', '20', 0, 1, 1, '', 1, 'anulado desde registro publico', 3),
(211, 1, 1, 0, 1, 0, '15/09/2017', '20:25:19', '2017-09-15 20:25:19', 2, 205, 31, 0, '', '5', '5', 0, 1, 1, '', 1, 'anulado desde registro publico', 3),
(212, 1, 1, 0, 1, 206, '15/09/2017', '20:42:42', '2017-09-15 20:42:42', 9, 206, 32, 0, '', '0', '20', 0, 1, 1, '', 1, '', 2),
(213, 1, 1, 0, 1, 0, '20/09/2017', '22:08:16', '2017-09-20 22:08:16', 9, 207, 1, 0, '', '15', '15', 0, 1, 1, '', 0, '', 0),
(214, 1, 1, 0, 1, 0, '20/09/2017', '22:11:27', '2017-09-20 22:11:27', 9, 208, 2, 0, '', '15', '25', 0, 1, 1, '', 0, '', 0),
(215, 1, 1, 0, 1, 0, '20/09/2017', '23:07:26', '2017-09-20 23:07:26', 9, 209, 3, 0, '', '42', '42', 0, 1, 1, '', 0, '', 0),
(216, 1, 1, 0, 1, 0, '21/09/2017', '00:56:58', '2017-09-21 00:56:58', 3, 210, 1, 0, '', '4', '4', 0, 1, 1, '', 0, '', 0);

-- --------------------------------------------------------

--
-- Estructura de tabla para la tabla `pedido_borrados`
--

CREATE TABLE IF NOT EXISTS `pedido_borrados` (
  `idpedido_borrados` int(10) NOT NULL AUTO_INCREMENT,
  `idpedido` int(10) NOT NULL,
  `idpedido_detalle` int(10) NOT NULL,
  `iditem` int(10) NOT NULL,
  `idusuario` int(10) NOT NULL,
  `idusuario_permiso` int(10) NOT NULL,
  `importe` varchar(8) NOT NULL,
  `fecha` varchar(30) NOT NULL,
  `hora` varchar(20) NOT NULL,
  `fecha_cierre` varchar(30) NOT NULL,
  `procede_tabla` int(1) NOT NULL COMMENT '(0=almacen_items o producto 1=carta lista 2=porcion)',
  `estado` int(1) NOT NULL DEFAULT '0',
  PRIMARY KEY (`idpedido_borrados`)
) ENGINE=InnoDB  DEFAULT CHARSET=latin1 AUTO_INCREMENT=81 ;

--
-- Volcado de datos para la tabla `pedido_borrados`
--

INSERT INTO `pedido_borrados` (`idpedido_borrados`, `idpedido`, `idpedido_detalle`, `iditem`, `idusuario`, `idusuario_permiso`, `importe`, `fecha`, `hora`, `fecha_cierre`, `procede_tabla`, `estado`) VALUES
(1, 0, 543, 0, 1, 1, '', '01/06/2017', '00:29:33', '2017-07-22 01:04:57', 0, 0),
(2, 0, 550, 0, 1, 1, '', '01/06/2017', '00:47:49', '2017-07-22 01:04:57', 0, 0),
(3, 0, 550, 0, 1, 1, '', '01/06/2017', '00:48:02', '2017-07-22 01:04:57', 0, 0),
(4, 0, 542, 0, 1, 1, '', '01/06/2017', '00:48:22', '2017-07-22 01:04:57', 0, 0),
(5, 0, 565, 0, 1, 1, '', '01/06/2017', '00:54:44', '2017-07-22 01:04:57', 0, 0),
(6, 0, 540, 0, 1, 1, '', '01/06/2017', '08:40:27', '2017-07-22 01:04:57', 0, 0),
(7, 0, 561, 0, 1, 1, '', '01/06/2017', '08:40:58', '2017-07-22 01:04:57', 0, 0),
(8, 0, 589, 0, 1, 1, '', '01/06/2017', '12:17:13', '2017-07-22 01:04:57', 0, 0),
(9, 0, 627, 0, 1, 1, '', '05/06/2017', '23:26:36', '2017-07-22 01:04:57', 0, 0),
(10, 0, 627, 0, 1, 1, '', '05/06/2017', '23:26:49', '2017-07-22 01:04:57', 0, 0),
(11, 0, 627, 0, 1, 1, '', '05/06/2017', '23:26:57', '2017-07-22 01:04:57', 0, 0),
(12, 0, 627, 0, 1, 1, '', '05/06/2017', '23:28:02', '2017-07-22 01:04:57', 0, 0),
(13, 0, 626, 0, 1, 1, '', '05/06/2017', '23:28:24', '2017-07-22 01:04:57', 0, 0),
(14, 0, 626, 0, 1, 1, '', '05/06/2017', '23:28:29', '2017-07-22 01:04:57', 0, 0),
(15, 0, 623, 0, 1, 1, '', '05/06/2017', '23:29:00', '2017-07-22 01:04:57', 0, 0),
(16, 0, 602, 0, 1, 1, '', '05/06/2017', '23:32:03', '2017-07-22 01:04:57', 0, 0),
(17, 0, 625, 0, 1, 1, '', '05/06/2017', '23:32:25', '2017-07-22 01:04:57', 0, 0),
(18, 0, 625, 0, 1, 1, '', '05/06/2017', '23:34:07', '2017-07-22 01:04:57', 0, 0),
(19, 0, 126, 0, 1, 1, '', '16/07/2017', '01:42:35', '2017-07-22 01:04:57', 0, 0),
(20, 0, 126, 0, 1, 1, '', '16/07/2017', '01:42:38', '2017-07-22 01:04:57', 0, 0),
(21, 46, 101, 0, 1, 1, '15', '16/07/2017', '02:15:27', '2017-07-22 01:04:57', 0, 0),
(22, 13, 43, 0, 1, 1, '10', '16/07/2017', '02:16:28', '2017-07-22 01:04:57', 0, 0),
(23, 11, 13, 3, 1, 1, '20', '17/07/2017', '23:04:11', '2017-07-22 01:04:57', 0, 0),
(24, 11, 13, 3, 1, 1, '10', '17/07/2017', '23:04:13', '2017-07-22 01:04:57', 0, 0),
(25, 5, 6, 116, 1, 1, '10', '17/07/2017', '23:05:59', '2017-07-22 01:04:57', 0, 0),
(26, 57, 130, 13, 1, 1, '8', '17/07/2017', '23:21:32', '2017-07-22 01:04:57', 0, 0),
(27, 4, 5, 1161, 1, 1, '10', '17/07/2017', '23:48:51', '2017-07-22 01:04:57', 0, 0),
(28, 9, 10, 1111, 1, 1, '100', '17/07/2017', '23:51:19', '2017-07-22 01:04:57', 0, 0),
(29, 36, 78, 1113, 1, 1, '30', '17/07/2017', '23:55:14', '2017-07-22 01:04:57', 0, 0),
(30, 36, 77, 1159, 1, 1, '4', '17/07/2017', '23:55:16', '2017-07-22 01:04:57', 0, 0),
(31, 9, 10, 1111, 1, 1, '20.00', '17/07/2017', '23:56:59', '2017-07-22 01:04:57', 0, 0),
(32, 57, 129, 1, 1, 1, '7.00', '18/07/2017', '00:47:44', '2017-07-22 01:04:57', 0, 0),
(33, 57, 129, 1, 1, 1, '7.00', '21/07/2017', '23:44:01', '2017-07-22 01:04:57', 0, 0),
(34, 9, 131, 1, 1, 1, '7.00', '21/07/2017', '23:44:42', '2017-07-22 01:04:57', 0, 0),
(35, 9, 131, 59, 1, 1, '7.00', '21/07/2017', '23:50:36', '2017-07-22 01:04:57', 0, 0),
(36, 9, 10, 1111, 1, 1, '20.00', '21/07/2017', '23:51:11', '2017-07-22 01:04:57', 0, 0),
(37, 196, 484, 112, 1, 1, '10.00', '15/09/2017', '04:23:17', '2017-09-15 04:55:40', 1, 0),
(38, 197, 487, 60, 1, 1, '0.00', '15/09/2017', '04:36:57', '2017-09-15 04:55:40', 1, 0),
(39, 197, 488, 63, 1, 1, '10.00', '15/09/2017', '04:36:57', '2017-09-15 04:55:40', 1, 0),
(41, 196, 485, 1159, 1, 1, '2.00', '15/09/2017', '04:56:23', '2017-09-19 08:27:59', 1, 0),
(42, 202, 498, 112, 1, 1, '10.00', '15/09/2017', '05:00:19', '2017-09-19 08:27:59', 1, 0),
(43, 204, 503, 2, 1, 1, '10.00', '15/09/2017', '05:02:13', '2017-09-19 08:27:59', 1, 0),
(44, 204, 504, 63, 1, 1, '10.00', '15/09/2017', '05:02:13', '2017-09-19 08:27:59', 1, 0),
(46, 205, 505, 59, 1, 1, '7.00', '15/09/2017', '05:08:26', '2017-09-19 08:27:59', 0, 0),
(47, 201, 497, 59, 1, 1, '0.00', '15/09/2017', '19:49:38', '2017-09-19 08:27:59', 1, 0),
(48, 201, 497, 59, 1, 1, '2.00', '15/09/2017', '19:50:59', '2017-09-19 08:27:59', 1, 0),
(49, 206, 507, 13, 1, 1, '15.00', '15/09/2017', '20:15:33', '2017-09-19 08:27:59', 1, 0),
(50, 206, 508, 59, 1, 1, '0.00', '15/09/2017', '20:15:33', '2017-09-19 08:27:59', 1, 0),
(52, 208, 513, 1163, 1, 1, '10.00', '15/09/2017', '20:17:11', '2017-09-19 08:27:59', 1, 0),
(53, 208, 511, 59, 1, 1, '0.00', '15/09/2017', '20:17:59', '2017-09-19 08:27:59', 1, 0),
(54, 208, 512, 60, 1, 1, '0.00', '15/09/2017', '20:17:59', '2017-09-19 08:27:59', 1, 0),
(55, 208, 513, 63, 1, 1, '20.00', '15/09/2017', '20:17:59', '2017-09-19 08:27:59', 1, 0),
(56, 207, 509, 60, 1, 1, '0.00', '15/09/2017', '20:26:00', '2017-09-19 08:27:59', 1, 0),
(57, 207, 510, 63, 1, 1, '10.00', '15/09/2017', '20:26:00', '2017-09-19 08:27:59', 1, 0),
(58, 209, 514, 58, 1, 1, '4.00', '15/09/2017', '20:26:00', '2017-09-19 08:27:59', 1, 0),
(59, 209, 515, 60, 1, 1, '2.00', '15/09/2017', '20:26:00', '2017-09-19 08:27:59', 1, 0),
(60, 210, 516, 2, 1, 1, '10.00', '15/09/2017', '20:26:00', '2017-09-19 08:27:59', 1, 0),
(61, 210, 517, 63, 1, 1, '10.00', '15/09/2017', '20:26:00', '2017-09-19 08:27:59', 1, 0),
(62, 211, 518, 39, 1, 1, '5.00', '15/09/2017', '20:26:00', '2017-09-19 08:27:59', 0, 0),
(63, 205, 505, 59, 1, 1, '14.00', '15/09/2017', '20:32:48', '2017-09-19 08:27:59', 0, 0),
(64, 205, 506, 63, 1, 1, '8.00', '15/09/2017', '20:32:48', '2017-09-19 08:27:59', 0, 0),
(66, 196, 485, 59, 1, 1, '0.00', '15/09/2017', '20:33:32', '2017-09-19 08:27:59', 1, 0),
(67, 196, 486, 63, 1, 1, '10.00', '15/09/2017', '20:33:32', '2017-09-19 08:27:59', 1, 0),
(68, 199, 493, 60, 1, 1, '0.00', '15/09/2017', '20:33:32', '2017-09-19 08:27:59', 1, 0),
(69, 199, 494, 63, 1, 1, '10.00', '15/09/2017', '20:33:32', '2017-09-19 08:27:59', 1, 0),
(73, 198, 489, 2, 1, 1, '10.00', '15/09/2017', '20:37:08', '2017-09-19 08:27:59', 1, 0),
(74, 198, 490, 11, 1, 1, '20.00', '15/09/2017', '20:37:08', '2017-09-19 08:27:59', 1, 0),
(75, 198, 491, 60, 1, 1, '0.00', '15/09/2017', '20:37:08', '2017-09-19 08:27:59', 1, 0),
(76, 198, 492, 63, 1, 1, '10.00', '15/09/2017', '20:37:08', '2017-09-19 08:27:59', 1, 0),
(80, 212, 519, 112, 1, 1, '10.00', '15/09/2017', '20:43:32', '2017-09-19 08:27:59', 1, 0);

-- --------------------------------------------------------

--
-- Estructura de tabla para la tabla `pedido_cambios`
--

CREATE TABLE IF NOT EXISTS `pedido_cambios` (
  `idpedido_cambios` int(10) NOT NULL AUTO_INCREMENT,
  `idpedido_detalle` int(10) NOT NULL,
  `idusuario` int(10) NOT NULL,
  `idusuario_permiso` int(10) NOT NULL,
  `fecha` varchar(30) NOT NULL,
  `hora` varchar(30) NOT NULL,
  `fecha_cierre` varchar(30) NOT NULL,
  `estado` int(1) NOT NULL DEFAULT '0',
  PRIMARY KEY (`idpedido_cambios`)
) ENGINE=InnoDB DEFAULT CHARSET=latin1 AUTO_INCREMENT=1 ;

-- --------------------------------------------------------

--
-- Estructura de tabla para la tabla `pedido_detalle`
--

CREATE TABLE IF NOT EXISTS `pedido_detalle` (
  `idpedido_detalle` int(10) NOT NULL AUTO_INCREMENT,
  `idpedido` int(10) NOT NULL,
  `idtipo_consumo` int(10) NOT NULL,
  `idcategoria` int(10) NOT NULL,
  `idcarta_lista` varchar(20) NOT NULL COMMENT 'para bodoga=idalmacen_items',
  `iditem` int(10) NOT NULL,
  `idseccion` int(10) NOT NULL,
  `cantidad` varchar(5) NOT NULL,
  `punitario` varchar(5) NOT NULL,
  `ptotal` varchar(5) NOT NULL,
  `ptotal_r` varchar(5) NOT NULL,
  `descripcion` varchar(200) NOT NULL,
  `secambio` int(2) NOT NULL DEFAULT '0',
  `borrado` int(2) NOT NULL DEFAULT '0',
  `pagado` int(1) NOT NULL DEFAULT '0' COMMENT 'pagado items',
  `procede` int(1) NOT NULL DEFAULT '0' COMMENT '0: viene de carta 1: viene de bodega',
  `procede_tabla` int(1) NOT NULL COMMENT '(0=almacen_items o producto 1=carta lista 2=porcion)',
  `estado_trigger` int(1) NOT NULL DEFAULT '0' COMMENT 'para saber que item esta pagando, trigger registro_pago_pedido',
  `idregistro_pago` int(10) NOT NULL,
  `modificado` int(1) NOT NULL DEFAULT '0' COMMENT 'para add stock, al modificar o anular pedido=1 add stock',
  `despachado` int(11) NOT NULL DEFAULT '0' COMMENT 'si ya fue despachado',
  `despachado_hora` varchar(60) NOT NULL,
  `despachado_tiempo` varchar(80) NOT NULL,
  `estado` int(1) NOT NULL DEFAULT '0',
  PRIMARY KEY (`idpedido_detalle`)
) ENGINE=InnoDB  DEFAULT CHARSET=latin1 AUTO_INCREMENT=530 ;

--
-- Volcado de datos para la tabla `pedido_detalle`
--

INSERT INTO `pedido_detalle` (`idpedido_detalle`, `idpedido`, `idtipo_consumo`, `idcategoria`, `idcarta_lista`, `iditem`, `idseccion`, `cantidad`, `punitario`, `ptotal`, `ptotal_r`, `descripcion`, `secambio`, `borrado`, `pagado`, `procede`, `procede_tabla`, `estado_trigger`, `idregistro_pago`, `modificado`, `despachado`, `despachado_hora`, `despachado_tiempo`, `estado`) VALUES
(1, 1, 1, 1, '1163', 63, 10, '2', '10.00', '20.00', '', 'ASADO DE GALLINA', 0, 0, 1, 0, 0, 0, 1, 0, 0, '', '', 0),
(2, 2, 1, 1, '112', 2, 10, '24', '10.00', '240.0', '', 'ARROZ CHAUFA REGIONAL', 0, 0, 1, 0, 0, 0, 2, 0, 0, '', '', 0),
(3, 2, 1, 1, '1163', 63, 10, '28', '10.00', '280.0', '', 'ASADO DE GALLINA', 0, 0, 1, 0, 0, 0, 2, 0, 0, '', '', 0),
(4, 3, 1, 1, '1111', 11, 10, '1', '20.00', '20.00', '', 'ASADO DE MAJAS', 0, 0, 1, 0, 0, 0, 80, 0, 0, '', '', 0),
(5, 4, 1, 1, '1161', 61, 10, '0', '10.00', '0.00', '', 'ESCABECHE DE POLLO', 0, 0, 0, 0, 0, 0, 0, 0, 0, '', '', 1),
(6, 5, 1, 1, '116', 6, 10, '0', '10.00', '0.00', '', 'TACACHO CON CECINA', 0, 0, 0, 0, 0, 0, 0, 0, 0, '', '', 1),
(7, 6, 1, 1, '1160', 60, 9, '1', '2.00', '2.00', '', 'ARROZ CON LECHE', 0, 0, 1, 0, 0, 0, 69, 0, 0, '', '', 0),
(8, 7, 1, 1, '113', 3, 1, '1', '15.00', '15.00', '', 'LOMITO SALTADO', 0, 0, 1, 0, 0, 0, 116, 0, 0, '', '', 0),
(9, 8, 1, 1, '1111', 11, 10, '5', '20.00', '100.0', '', 'ASADO DE MAJAS', 0, 0, 1, 0, 0, 0, 80, 0, 0, '', '', 0),
(10, 9, 1, 1, '1111', 11, 10, '2', '20.00', '40.00', '', 'ASADO DE MAJAS', 0, 0, 1, 0, 0, 0, 105, 0, 0, '', '', 0),
(11, 10, 1, 1, '116', 6, 10, '2', '10.00', '20.00', '', 'TACACHO CON CECINA', 0, 0, 1, 0, 0, 0, 3, 0, 0, '', '', 0),
(12, 10, 1, 1, '1159', 59, 9, '1', '2.00', '0.00', '', 'SOPA DE POLLO', 0, 0, 1, 0, 0, 0, 3, 0, 0, '', '', 0),
(13, 11, 1, 1, '117', 7, 10, '0', '10.00', '0.00', '', 'TACACHO CON CHORIZO', 0, 0, 0, 0, 0, 0, 0, 0, 0, '', '', 1),
(14, 12, 1, 1, '116', 6, 10, '1', '10.00', '10.00', '', 'TACACHO CON CECINA', 0, 0, 1, 0, 0, 0, 32, 0, 0, '', '', 0),
(15, 13, 1, 1, '1162', 62, 10, '11', '10.00', '110.0', '', 'INCHICAPI', 0, 0, 1, 0, 0, 0, 77, 0, 0, '', '', 0),
(16, 14, 1, 1, '1159', 59, 9, '2', '2.00', '2.00', '', 'SOPA DE POLLO', 0, 0, 1, 0, 0, 0, 5, 0, 0, '', '', 0),
(17, 14, 1, 1, '1162', 62, 10, '1', '10.00', '10.00', '', 'INCHICAPI', 0, 0, 1, 0, 0, 0, 6, 0, 0, '', '', 0),
(18, 15, 1, 1, '1111', 11, 10, '1', '20.00', '20.00', '', 'ASADO DE MAJAS', 0, 0, 1, 0, 0, 0, 33, 0, 0, '', '', 0),
(19, 16, 1, 1, '1111', 11, 10, '1', '20.00', '20.00', '', 'ASADO DE MAJAS', 0, 0, 1, 0, 0, 0, 9, 0, 0, '', '', 0),
(20, 16, 1, 1, '1162', 62, 10, '4', '10.00', '40.00', '', 'INCHICAPI', 0, 0, 1, 0, 0, 0, 10, 0, 0, '', '', 0),
(21, 17, 1, 1, '1159', 59, 9, '1', '2.00', '2.00', '', 'SOPA DE POLLO', 0, 0, 1, 0, 0, 0, 9, 0, 0, '', '', 0),
(22, 18, 1, 1, '113', 3, 1, '2', '15.00', '30.00', '', 'LOMITO SALTADO', 0, 0, 1, 0, 0, 0, 7, 0, 0, '', '', 0),
(23, 18, 1, 1, '1161', 61, 10, '4', '10.00', '40.00', '', 'ESCABECHE DE POLLO', 0, 0, 1, 0, 0, 1, 0, 0, 0, '', '', 0),
(24, 19, 1, 1, '1161', 61, 10, '1', '10.00', '10.00', '', 'ESCABECHE DE POLLO', 0, 0, 1, 0, 0, 0, 4, 0, 0, '', '', 0),
(25, 20, 1, 1, '113', 3, 1, '3', '15.00', '45.00', '', 'LOMITO SALTADO', 0, 0, 1, 0, 0, 0, 8, 0, 0, '', '', 0),
(26, 20, 1, 1, '1113', 13, 1, '2', '15.00', '30.00', '', 'APANADO DE TRUCHA CON PATACONES', 0, 0, 1, 0, 0, 0, 8, 0, 0, '', '', 0),
(27, 20, 1, 1, '1113', 13, 1, '2', '15.00', '30.00', '', 'APANADO DE TRUCHA CON PATACONES', 0, 0, 1, 0, 0, 0, 8, 0, 0, '', '', 0),
(28, 20, 1, 1, '1113', 13, 1, '2', '15.00', '30.00', '', 'APANADO DE TRUCHA CON PATACONES', 0, 0, 1, 0, 0, 0, 8, 0, 0, '', '', 0),
(29, 20, 1, 1, '112', 2, 10, '2', '10.00', '20.00', '', 'ARROZ CHAUFA REGIONAL', 0, 0, 1, 0, 0, 0, 8, 0, 0, '', '', 0),
(30, 20, 1, 1, '1159', 59, 9, '1', '2.00', '0.00', '', 'SOPA DE POLLO', 0, 0, 1, 0, 0, 0, 8, 0, 0, '', '', 0),
(31, 21, 1, 1, '1159', 59, 9, '5', '2.00', '10.00', '', 'SOPA DE POLLO', 0, 0, 1, 0, 0, 1, 0, 0, 0, '', '', 0),
(32, 21, 1, 1, '1160', 60, 9, '2', '2.00', '4.00', '', 'ARROZ CON LECHE', 0, 0, 1, 0, 0, 0, 10, 0, 0, '', '', 0),
(33, 22, 1, 1, '113', 3, 1, '2', '15.00', '30.00', '', 'LOMITO SALTADO', 0, 0, 1, 0, 0, 1, 0, 0, 0, '', '', 0),
(34, 22, 1, 1, '116', 6, 10, '2', '10.00', '20.00', '', 'TACACHO CON CECINA', 0, 0, 1, 0, 0, 1, 0, 0, 0, '', '', 0),
(35, 23, 1, 1, '113', 3, 1, '2', '15.00', '30.00', '', 'LOMITO SALTADO', 0, 0, 1, 0, 0, 1, 0, 0, 0, '', '', 0),
(36, 23, 1, 1, '1113', 13, 1, '1', '15.00', '15.00', '', 'APANADO DE TRUCHA CON PATACONES', 0, 0, 1, 0, 0, 0, 13, 0, 0, '', '', 0),
(37, 23, 1, 1, '1160', 60, 9, '1', '2.00', '0.00', '', 'ARROZ CON LECHE', 0, 0, 1, 0, 0, 0, 13, 0, 0, '', '', 0),
(38, 13, 1, 1, '116', 6, 10, '1', '10.00', '10.00', '', 'TACACHO CON CECINA', 0, 0, 0, 0, 0, 0, 0, 0, 0, '', '', 0),
(39, 13, 1, 1, '117', 7, 10, '1', '10.00', '10.00', '', 'TACACHO CON CHORIZO', 0, 0, 0, 0, 0, 0, 0, 0, 0, '', '', 0),
(40, 13, 1, 1, '118', 8, 10, '1', '20.00', '20.00', '', 'TACACHO MIXTO', 0, 0, 1, 0, 0, 0, 81, 0, 0, '', '', 0),
(41, 13, 1, 1, '1162', 62, 10, '1', '10.00', '10.00', '', 'INCHICAPI', 0, 0, 1, 0, 0, 0, 78, 0, 0, '', '', 0),
(42, 13, 1, 1, '116', 6, 10, '1', '10.00', '10.00', '', 'TACACHO CON CECINA', 0, 0, 0, 0, 0, 0, 0, 0, 0, '', '', 0),
(43, 13, 1, 1, '117', 7, 10, '0', '10.00', '0.00', '', 'TACACHO CON CHORIZO', 0, 0, 0, 0, 0, 0, 0, 0, 0, '', '', 1),
(44, 13, 1, 1, '118', 8, 10, '1', '20.00', '20.00', '', 'TACACHO MIXTO', 0, 0, 0, 0, 0, 0, 0, 0, 0, '', '', 0),
(45, 13, 1, 1, '1162', 62, 10, '1', '10.00', '10.00', '', 'INCHICAPI', 0, 0, 1, 0, 0, 0, 79, 0, 0, '', '', 0),
(46, 24, 1, 1, '113', 3, 1, '1', '15.00', '15.00', '', 'LOMITO SALTADO', 0, 0, 1, 0, 0, 0, 70, 0, 0, '', '', 0),
(47, 24, 1, 1, '1113', 13, 1, '1', '15.00', '15.00', '', 'APANADO DE TRUCHA CON PATACONES', 0, 0, 0, 0, 0, 0, 0, 0, 0, '', '', 0),
(48, 24, 1, 1, '1161', 61, 10, '1', '10.00', '10.00', '', 'ESCABECHE DE POLLO', 0, 0, 0, 0, 0, 0, 0, 0, 0, '', '', 0),
(49, 25, 1, 1, '112', 2, 10, '1', '10.00', '10.00', '', 'ARROZ CHAUFA REGIONAL', 0, 0, 1, 0, 0, 0, 70, 0, 0, '', '', 0),
(50, 25, 1, 1, '113', 3, 1, '1', '15.00', '15.00', '', 'LOMITO SALTADO', 0, 0, 0, 0, 0, 0, 0, 0, 0, '', '', 0),
(51, 25, 1, 1, '1111', 11, 10, '1', '20.00', '20.00', '', 'ASADO DE MAJAS', 0, 0, 0, 0, 0, 0, 0, 0, 0, '', '', 0),
(52, 25, 1, 1, '1159', 59, 9, '2', '2.00', '0.00', '', 'SOPA DE POLLO', 0, 0, 0, 0, 0, 0, 0, 0, 0, '', '', 0),
(53, 26, 1, 1, '112', 2, 10, '1', '10.00', '10.00', '', 'ARROZ CHAUFA REGIONAL', 0, 0, 0, 0, 0, 0, 0, 0, 0, '', '', 0),
(54, 26, 1, 1, '1160', 60, 9, '5', '2.00', '6.00', '', 'ARROZ CON LECHE', 0, 0, 1, 0, 0, 0, 71, 0, 0, '', '', 0),
(55, 26, 1, 1, '1162', 62, 10, '1', '10.00', '10.00', '', 'INCHICAPI', 0, 0, 0, 0, 0, 0, 0, 0, 0, '', '', 0),
(56, 27, 1, 1, '113', 3, 1, '2', '15.00', '30.00', '', 'LOMITO SALTADO', 0, 0, 1, 0, 0, 0, 71, 0, 0, '', '', 0),
(57, 27, 1, 1, '1113', 13, 1, '1', '15.00', '15.00', '', 'APANADO DE TRUCHA CON PATACONES', 0, 0, 1, 0, 0, 0, 73, 0, 0, '', '', 0),
(58, 28, 1, 1, '112', 2, 10, '2', '10.00', '20.00', '', 'ARROZ CHAUFA REGIONAL', 0, 0, 0, 0, 0, 0, 0, 0, 0, '', '', 0),
(59, 28, 1, 1, '1159', 59, 9, '2', '2.00', '0.00', '', 'SOPA DE POLLO', 0, 0, 1, 0, 0, 0, 73, 0, 0, '', '', 0),
(60, 28, 1, 1, '1160', 60, 9, '2', '2.00', '2.00', '', 'ARROZ CON LECHE', 0, 0, 1, 0, 0, 0, 72, 0, 0, '', '', 0),
(61, 28, 1, 1, '1161', 61, 10, '1', '10.00', '10.00', '', 'ESCABECHE DE POLLO', 0, 0, 0, 0, 0, 0, 0, 0, 0, '', '', 0),
(62, 29, 1, 1, '113', 3, 1, '2', '15.00', '30.00', '', 'LOMITO SALTADO', 0, 0, 1, 0, 0, 0, 72, 0, 0, '', '', 0),
(63, 29, 1, 1, '1113', 13, 1, '1', '15.00', '15.00', '', 'APANADO DE TRUCHA CON PATACONES', 0, 0, 1, 0, 0, 0, 73, 0, 0, '', '', 0),
(64, 30, 1, 1, '113', 3, 1, '3', '15.00', '45.00', '', 'LOMITO SALTADO', 0, 0, 1, 0, 0, 0, 76, 0, 0, '', '', 0),
(65, 30, 1, 1, '1113', 13, 1, '1', '15.00', '15.00', '', 'APANADO DE TRUCHA CON PATACONES', 0, 0, 1, 0, 0, 0, 75, 0, 0, '', '', 0),
(66, 31, 1, 1, '112', 2, 10, '2', '10.00', '20.00', '', 'ARROZ CHAUFA REGIONAL', 0, 0, 0, 0, 0, 0, 0, 0, 0, '', '', 0),
(67, 31, 1, 1, '1159', 59, 9, '1', '2.00', '0.00', '', 'SOPA DE POLLO', 0, 0, 0, 0, 0, 0, 0, 0, 0, '', '', 0),
(68, 31, 1, 1, '1160', 60, 9, '2', '2.00', '2.00', '', 'ARROZ CON LECHE', 0, 0, 1, 0, 0, 0, 74, 0, 0, '', '', 0),
(69, 32, 1, 1, '113', 3, 1, '1', '15.00', '15.00', '', 'LOMITO SALTADO', 0, 0, 1, 0, 0, 0, 74, 0, 0, '', '', 0),
(70, 33, 1, 1, '112', 2, 10, '3', '10.00', '30.00', '', 'ARROZ CHAUFA REGIONAL', 0, 0, 0, 0, 0, 0, 0, 0, 0, '', '', 0),
(71, 33, 1, 1, '1159', 59, 9, '1', '2.00', '0.00', '', 'SOPA DE POLLO', 0, 0, 1, 0, 0, 0, 83, 0, 0, '', '', 0),
(72, 33, 1, 1, '1160', 60, 9, '5', '2.00', '6.00', '', 'ARROZ CON LECHE', 0, 0, 1, 0, 0, 0, 82, 0, 0, '', '', 0),
(73, 34, 1, 1, '113', 3, 1, '1', '15.00', '15.00', '', 'LOMITO SALTADO', 0, 0, 1, 0, 0, 0, 82, 0, 0, '', '', 0),
(74, 34, 1, 1, '1113', 13, 1, '2', '15.00', '30.00', '', 'APANADO DE TRUCHA CON PATACONES', 0, 0, 1, 0, 0, 0, 83, 0, 0, '', '', 0),
(75, 35, 1, 1, '1', 59, 6, '3', '7.00', '21.00', '', 'CRISTAL 625ML', 0, 0, 1, 6, 0, 0, 83, 0, 0, '', '', 0),
(76, 35, 1, 1, '13', 63, 6, '2', '8.00', '16.00', '', 'CORONA EXTRA', 0, 0, 1, 6, 0, 0, 82, 0, 0, '', '', 0),
(77, 36, 1, 1, '1159', 59, 9, '1', '2.00', '2.00', '', 'SOPA DE POLLO', 0, 0, 1, 0, 0, 0, 117, 0, 0, '', '', 0),
(78, 36, 1, 1, '1113', 13, 1, '1', '15.00', '15.00', '', 'APANADO DE TRUCHA CON PATACONES', 0, 0, 1, 0, 0, 0, 117, 0, 0, '', '', 0),
(79, 37, 1, 1, '112', 2, 10, '1', '10.00', '10.00', '', 'ARROZ CHAUFA REGIONAL', 0, 0, 1, 0, 0, 0, 84, 0, 0, '', '', 0),
(80, 37, 1, 1, '1113', 13, 1, '1', '15.00', '15.00', '', 'APANADO DE TRUCHA CON PATACONES', 0, 0, 1, 0, 0, 0, 84, 0, 0, '', '', 0),
(81, 37, 1, 1, '1160', 60, 9, '1', '2.00', '0.00', '', 'ARROZ CON LECHE', 0, 0, 1, 0, 0, 0, 84, 0, 0, '', '', 0),
(82, 38, 1, 1, '112', 2, 10, '1', '10.00', '10.00', '', 'ARROZ CHAUFA REGIONAL', 0, 0, 1, 0, 0, 0, 85, 0, 0, '', '', 0),
(83, 38, 1, 1, '1160', 60, 9, '1', '2.00', '0.00', '', 'ARROZ CON LECHE', 0, 0, 1, 0, 0, 0, 85, 0, 0, '', '', 0),
(84, 39, 1, 1, '112', 2, 10, '1', '10.00', '10.00', '', 'ARROZ CHAUFA REGIONAL', 0, 0, 1, 0, 0, 0, 86, 0, 0, '', '', 0),
(85, 39, 1, 1, '1160', 60, 9, '4', '2.00', '6.00', '', 'ARROZ CON LECHE', 0, 0, 1, 0, 0, 0, 86, 0, 0, '', '', 0),
(86, 40, 1, 1, '112', 2, 10, '1', '10.00', '10.00', '', 'ARROZ CHAUFA REGIONAL', 0, 0, 0, 0, 0, 0, 0, 0, 0, '', '', 0),
(87, 40, 1, 1, '1160', 60, 9, '1', '2.00', '0.00', '', 'ARROZ CON LECHE', 0, 0, 0, 0, 0, 0, 0, 0, 0, '', '', 0),
(88, 40, 1, 1, '1113', 13, 1, '1', '15.00', '15.00', '', 'APANADO DE TRUCHA CON PATACONES', 0, 0, 1, 0, 0, 0, 87, 0, 0, '', '', 0),
(89, 41, 1, 1, '113', 3, 1, '2', '15.00', '30.00', '', 'LOMITO SALTADO', 0, 0, 1, 0, 0, 0, 88, 0, 0, '', '', 0),
(90, 41, 1, 1, '1113', 13, 1, '1', '15.00', '15.00', '', 'APANADO DE TRUCHA CON PATACONES', 0, 0, 1, 0, 0, 0, 88, 0, 0, '', '', 0),
(91, 42, 1, 1, '112', 2, 10, '1', '10.00', '10.00', '', 'ARROZ CHAUFA REGIONAL', 0, 0, 0, 0, 0, 0, 0, 0, 0, '', '', 0),
(92, 42, 1, 1, '1113', 13, 1, '1', '15.00', '15.00', '', 'APANADO DE TRUCHA CON PATACONES', 0, 0, 1, 0, 0, 0, 89, 0, 0, '', '', 0),
(93, 42, 1, 1, '113', 3, 1, '1', '15.00', '15.00', '', 'LOMITO SALTADO', 0, 0, 0, 0, 0, 0, 0, 0, 0, '', '', 0),
(94, 43, 1, 1, '112', 2, 10, '1', '10.00', '10.00', '', 'ARROZ CHAUFA REGIONAL', 0, 0, 1, 0, 0, 0, 103, 0, 0, '', '', 0),
(95, 44, 1, 1, '113', 3, 1, '2', '15.00', '30.00', '', 'LOMITO SALTADO', 0, 0, 1, 0, 0, 0, 0, 0, 0, '', '', 0),
(96, 44, 1, 1, '1113', 13, 1, '1', '15.00', '15.00', '', 'APANADO DE TRUCHA CON PATACONES', 0, 0, 1, 0, 0, 0, 90, 0, 0, '', '', 0),
(97, 45, 1, 1, '112', 2, 10, '1', '10.00', '10.00', '', 'ARROZ CHAUFA REGIONAL', 0, 0, 1, 0, 0, 0, 91, 0, 0, '', '', 0),
(98, 45, 1, 1, '1113', 13, 1, '1', '15.00', '15.00', '', 'APANADO DE TRUCHA CON PATACONES', 0, 0, 1, 0, 0, 0, 91, 0, 0, '', '', 0),
(99, 46, 1, 1, '112', 2, 10, '1', '10.00', '10.00', '', 'ARROZ CHAUFA REGIONAL', 0, 0, 1, 0, 0, 0, 0, 0, 0, '', '', 0),
(100, 46, 1, 1, '113', 3, 1, '1', '15.00', '15.00', '', 'LOMITO SALTADO', 0, 0, 1, 0, 0, 0, 92, 0, 0, '', '', 0),
(101, 46, 1, 1, '1113', 13, 1, '0', '15.00', '0.00', '', 'APANADO DE TRUCHA CON PATACONES', 0, 0, 0, 0, 0, 0, 0, 0, 0, '', '', 1),
(102, 46, 1, 1, '1160', 60, 9, '3', '2.00', '0.00', '', 'ARROZ CON LECHE', 0, 0, 1, 0, 0, 0, 93, 0, 0, '', '', 0),
(103, 47, 1, 1, '113', 3, 1, '1', '15.00', '15.00', '', 'LOMITO SALTADO', 0, 0, 1, 0, 0, 0, 94, 0, 0, '', '', 0),
(104, 47, 1, 1, '1113', 13, 1, '2', '15.00', '30.00', '', 'APANADO DE TRUCHA CON PATACONES', 0, 0, 1, 0, 0, 0, 95, 0, 0, '', '', 0),
(105, 47, 1, 1, '112', 2, 10, '2', '10.00', '20.00', '', 'ARROZ CHAUFA REGIONAL', 0, 0, 1, 0, 0, 0, 94, 0, 0, '', '', 0),
(106, 48, 1, 1, '113', 3, 1, '2', '15.00', '30.00', '', 'LOMITO SALTADO', 0, 0, 1, 0, 0, 0, 97, 0, 0, '', '', 0),
(107, 48, 1, 1, '1113', 13, 1, '1', '15.00', '15.00', '', 'APANADO DE TRUCHA CON PATACONES', 0, 0, 1, 0, 0, 0, 97, 0, 0, '', '', 0),
(108, 49, 1, 1, '112', 2, 10, '2', '10.00', '20.00', '', 'ARROZ CHAUFA REGIONAL', 0, 0, 1, 0, 0, 0, 97, 0, 0, '', '', 0),
(109, 49, 1, 1, '1160', 60, 9, '2', '2.00', '0.00', '', 'ARROZ CON LECHE', 0, 0, 0, 0, 0, 0, 0, 0, 0, '', '', 0),
(110, 50, 1, 1, '1113', 13, 1, '2', '15.00', '30.00', '', 'APANADO DE TRUCHA CON PATACONES', 0, 0, 1, 0, 0, 0, 104, 0, 0, '', '', 0),
(111, 50, 1, 1, '1160', 60, 9, '2', '2.00', '0.00', '', 'ARROZ CON LECHE', 0, 0, 1, 0, 0, 0, 104, 0, 0, '', '', 0),
(112, 51, 1, 1, '112', 2, 10, '1', '10.00', '10.00', '', 'ARROZ CHAUFA REGIONAL', 0, 0, 1, 0, 0, 0, 96, 0, 0, '', '', 0),
(113, 51, 1, 1, '113', 3, 1, '1', '15.00', '15.00', '', 'LOMITO SALTADO', 0, 0, 1, 0, 0, 0, 96, 0, 0, '', '', 0),
(114, 51, 1, 1, '1113', 13, 1, '1', '15.00', '15.00', '', 'APANADO DE TRUCHA CON PATACONES', 0, 0, 1, 0, 0, 0, 96, 0, 0, '', '', 0),
(115, 51, 1, 1, '1160', 60, 9, '1', '2.00', '0.00', '', 'ARROZ CON LECHE', 0, 0, 1, 0, 0, 0, 96, 0, 0, '', '', 0),
(116, 52, 1, 1, '112', 2, 10, '1', '10.00', '10.00', '', 'ARROZ CHAUFA REGIONAL', 0, 0, 1, 0, 0, 0, 101, 0, 0, '', '', 0),
(117, 52, 1, 1, '1160', 60, 9, '2', '2.00', '2.00', '', 'ARROZ CON LECHE', 0, 0, 1, 0, 0, 0, 98, 0, 0, '', '', 0),
(118, 53, 1, 1, '113', 3, 1, '1', '15.00', '15.00', '', 'LOMITO SALTADO', 0, 0, 1, 0, 0, 0, 101, 0, 0, '', '', 0),
(119, 53, 1, 1, '1113', 13, 1, '1', '15.00', '15.00', '', 'APANADO DE TRUCHA CON PATACONES', 0, 0, 1, 0, 0, 0, 99, 0, 0, '', '', 0),
(120, 54, 1, 1, '112', 2, 10, '1', '10.00', '10.00', '', 'ARROZ CHAUFA REGIONAL', 0, 0, 1, 0, 0, 0, 100, 0, 0, '', '', 0),
(121, 54, 1, 1, '1160', 60, 9, '3', '2.00', '4.00', '', 'ARROZ CON LECHE', 0, 0, 1, 0, 0, 0, 99, 0, 0, '', '', 0),
(122, 55, 1, 1, '112', 2, 10, '1', '10.00', '10.00', '', 'ARROZ CHAUFA REGIONAL', 0, 0, 1, 0, 0, 0, 99, 0, 0, '', '', 0),
(123, 55, 1, 1, '113', 3, 1, '2', '15.00', '30.00', '', 'LOMITO SALTADO', 0, 0, 1, 0, 0, 0, 100, 0, 0, '', '', 0),
(124, 55, 1, 1, '1146', 46, 8, '2', '4.00', '8.00', '', 'HELADO DE CUATRO SOL', 0, 0, 1, 0, 0, 0, 98, 0, 0, '', '', 0),
(125, 56, 1, 1, '1113', 13, 1, '3', '15.00', '45.00', '', 'APANADO DE TRUCHA CON PATACONES', 0, 0, 1, 0, 0, 0, 102, 0, 0, '', '', 0),
(126, 56, 1, 1, '1144', 44, 8, '0', '1.00', '0.00', '', 'HELADO DE UN SOL', 0, 0, 0, 0, 0, 0, 0, 0, 0, '', '', 1),
(127, 56, 1, 1, '1146', 46, 8, '2', '4.00', '8.00', '', 'HELADO DE CUATRO SOL', 0, 0, 1, 0, 0, 0, 102, 0, 0, '', '', 0),
(128, 56, 1, 1, '1147', 47, 8, '2', '10.00', '20.00', '', 'HELADO DE DIEZ SOL', 0, 0, 1, 0, 0, 0, 102, 0, 0, '', '', 0),
(129, 57, 1, 1, '1', 59, 6, '0', '7.00', '0.00', '', 'CRISTAL 625ML', 0, 0, 0, 6, 0, 0, 0, 0, 0, '', '', 1),
(130, 57, 1, 1, '13', 63, 6, '0', '8.00', '0.00', '', 'CORONA EXTRA', 0, 0, 0, 6, 0, 0, 0, 0, 0, '', '', 1),
(131, 9, 1, 1, '1', 59, 6, '1', '7.00', '7.00', '', 'CRISTAL 625ML', 0, 0, 1, 6, 0, 0, 105, 0, 0, '', '', 0),
(132, 58, 1, 1, '1111', 11, 10, '2', '20.00', '40.00', '', 'ASADO DE MAJAS', 0, 0, 1, 0, 0, 0, 106, 0, 0, '', '', 0),
(133, 59, 1, 1, '15', 82, 5, '1', '2.00', '2.00', '', 'GASEOSA AAA', 0, 0, 1, 5, 0, 0, 108, 0, 0, '', '', 0),
(134, 59, 1, 1, '16', 83, 5, '1', '2.00', '2.00', '', 'GASEOSA BBB', 0, 0, 1, 5, 0, 0, 107, 0, 0, '', '', 0),
(135, 59, 1, 1, '117', 7, 10, '1', '10.00', '10.00', '', 'TACACHO CON CHORIZO', 0, 0, 1, 0, 0, 0, 108, 0, 0, '', '', 0),
(136, 59, 1, 1, '1111', 11, 10, '1', '20.00', '20.00', '', 'ASADO DE MAJAS', 0, 0, 1, 0, 0, 0, 108, 0, 0, '', '', 0),
(137, 60, 1, 1, '1', 59, 6, '2', '7.00', '14.00', '', 'CRISTAL 625ML', 0, 0, 1, 0, 0, 0, 114, 0, 0, '', '', 0),
(138, 60, 1, 1, '117', 7, 10, '1', '10.00', '10.00', '', 'TACACHO CON CHORIZO', 0, 0, 1, 0, 2, 0, 114, 0, 0, '', '', 0),
(139, 60, 1, 1, '1159', 59, 9, '1', '2.00', '0.00', '', 'SOPA DE POLLO', 0, 0, 1, 0, 1, 0, 114, 0, 0, '', '', 0),
(140, 60, 1, 1, '1160', 60, 9, '2', '2.00', '4.00', '', 'ARROZ CON LECHE', 0, 0, 1, 0, 1, 0, 114, 0, 0, '', '', 0),
(141, 61, 1, 1, '1', 59, 6, '2', '7.00', '14.00', '', 'CRISTAL 625ML', 0, 0, 1, 0, 0, 0, 114, 0, 0, '', '', 0),
(142, 61, 1, 1, '1161', 61, 10, '1', '10.00', '10.00', '', 'ESCABECHE DE POLLO', 0, 0, 1, 0, 1, 0, 114, 0, 0, '', '', 0),
(143, 61, 1, 1, '1', 59, 6, '1', '7.00', '7.00', '', 'CRISTAL 625ML', 0, 0, 1, 0, 0, 0, 114, 0, 0, '', '', 0),
(144, 62, 1, 1, '1', 59, 6, '1', '7.00', '7.00', '', 'CRISTAL 625ML', 0, 0, 1, 0, 0, 0, 109, 0, 0, '', '', 0),
(145, 62, 1, 1, '1113', 13, 1, '1', '15.00', '15.00', '', 'APANADO DE TRUCHA CON PATACONES', 0, 0, 1, 0, 1, 0, 109, 0, 0, '', '', 0),
(146, 62, 1, 1, '1160', 60, 9, '1', '2.00', '0.00', '', 'ARROZ CON LECHE', 0, 0, 1, 0, 1, 0, 109, 0, 0, '', '', 0),
(147, 64, 1, 1, '1', 59, 6, '4', '7.00', '28.00', '', 'CRISTAL 625ML', 0, 0, 1, 0, 6, 0, 118, 0, 0, '', '', 0),
(148, 64, 1, 1, '1113', 13, 1, '5', '15.00', '75.00', '', 'APANADO DE TRUCHA CON PATACONES', 0, 0, 1, 0, 1, 0, 117, 0, 0, '', '', 0),
(149, 64, 1, 1, '1147', 47, 8, '2', '10.00', '20.00', '', 'HELADO DE DIEZ SOL', 0, 0, 1, 0, 1, 0, 117, 0, 0, '', '', 0),
(150, 64, 1, 1, '1160', 60, 9, '4', '2.00', '0.00', '', 'ARROZ CON LECHE', 0, 0, 1, 0, 1, 0, 117, 0, 0, '', '', 0),
(151, 66, 1, 1, '1113', 13, 1, '1', '15.00', '15.00', '', 'APANADO DE TRUCHA CON PATACONES', 0, 0, 1, 0, 1, 0, 112, 0, 0, '', '', 0),
(152, 67, 1, 1, '1113', 13, 1, '1', '15.00', '15.00', '', 'APANADO DE TRUCHA CON PATACONES', 0, 0, 1, 0, 1, 0, 113, 0, 0, '', '', 0),
(153, 68, 1, 1, '1146', 46, 8, '2', '4.00', '8.00', '', 'HELADO DE CUATRO SOL', 0, 0, 1, 0, 1, 0, 116, 0, 0, '', '', 0),
(154, 69, 1, 1, '1160', 60, 9, '3', '2.00', '6.00', '', 'ARROZ CON LECHE', 0, 0, 1, 0, 1, 0, 116, 0, 0, '', '', 0),
(155, 70, 1, 1, '1146', 46, 8, '1', '4.00', '4.00', '', 'HELADO DE CUATRO SOL', 0, 0, 1, 0, 1, 0, 116, 0, 0, '', '', 0),
(156, 71, 1, 1, '1160', 60, 9, '1', '2.00', '2.00', '', 'ARROZ CON LECHE', 0, 0, 1, 0, 1, 0, 116, 0, 0, '', '', 0),
(157, 72, 1, 1, '1160', 60, 9, '1', '2.00', '2.00', '', 'ARROZ CON LECHE', 0, 0, 1, 0, 1, 0, 116, 0, 0, '', '', 0),
(158, 73, 1, 1, '1160', 60, 9, '1', '2.00', '2.00', '', 'ARROZ CON LECHE', 0, 0, 1, 0, 1, 0, 116, 0, 0, '', '', 0),
(159, 74, 1, 1, '1160', 60, 9, '1', '2.00', '2.00', '', 'ARROZ CON LECHE', 0, 0, 1, 0, 1, 0, 116, 0, 0, '', '', 0),
(160, 75, 1, 1, '1160', 60, 9, '1', '2.00', '2.00', '', 'ARROZ CON LECHE', 0, 0, 1, 0, 1, 0, 116, 0, 0, '', '', 0),
(161, 76, 1, 1, '1160', 60, 9, '1', '2.00', '2.00', '', 'ARROZ CON LECHE', 0, 0, 1, 0, 1, 0, 116, 0, 0, '', '', 0),
(162, 77, 1, 1, '1160', 60, 9, '1', '2.00', '2.00', '', 'ARROZ CON LECHE', 0, 0, 1, 0, 1, 0, 116, 0, 0, '', '', 0),
(163, 78, 1, 1, '1160', 60, 9, '1', '2.00', '2.00', '', 'ARROZ CON LECHE', 0, 0, 1, 0, 1, 0, 116, 0, 0, '', '', 0),
(164, 79, 1, 1, '1160', 60, 9, '1', '2.00', '2.00', '', 'ARROZ CON LECHE', 0, 0, 1, 0, 1, 0, 116, 0, 0, '', '', 0),
(165, 80, 1, 1, '1160', 60, 9, '1', '2.00', '2.00', '', 'ARROZ CON LECHE', 0, 0, 1, 0, 1, 0, 116, 0, 0, '', '', 0),
(166, 81, 1, 1, '1160', 60, 9, '4', '2.00', '8.00', '', 'ARROZ CON LECHE', 0, 0, 1, 0, 1, 0, 116, 0, 0, '', '', 0),
(167, 82, 1, 1, '1160', 60, 9, '3', '2.00', '6.00', '', 'ARROZ CON LECHE', 0, 0, 1, 0, 1, 0, 115, 0, 0, '', '', 0),
(168, 83, 2, 1, '1160', 60, 9, '2', '2.00', '4.00', '', 'ARROZ CON LECHE', 0, 0, 0, 0, 1, 0, 0, 0, 0, '', '', 0),
(169, 84, 1, 1, '1160', 60, 9, '1', '2.00', '2.00', '', 'ARROZ CON LECHE', 0, 0, 1, 0, 1, 0, 114, 0, 0, '', '', 0),
(170, 85, 1, 1, '1160', 60, 9, '1', '2.00', '2.00', '', 'ARROZ CON LECHE', 0, 0, 1, 0, 1, 0, 115, 0, 0, '', '', 0),
(171, 86, 2, 1, '1160', 60, 9, '1', '2.00', '2.00', '', 'ARROZ CON LECHE', 0, 0, 1, 0, 1, 0, 119, 0, 0, '', '', 0),
(172, 87, 1, 1, '1160', 60, 9, '1', '2.00', '2.00', '', 'ARROZ CON LECHE', 0, 0, 1, 0, 1, 0, 114, 0, 0, '', '', 0),
(173, 88, 2, 1, '1160', 60, 9, '1', '2.00', '2.00', '', 'ARROZ CON LECHE', 0, 0, 1, 0, 1, 0, 120, 0, 0, '', '', 0),
(174, 89, 1, 1, '1160', 60, 9, '1', '2.00', '2.00', '', 'ARROZ CON LECHE', 0, 0, 1, 0, 1, 0, 115, 0, 0, '', '', 0),
(175, 90, 2, 1, '1160', 60, 9, '2', '2.00', '4.00', '', 'ARROZ CON LECHE', 0, 0, 1, 0, 1, 0, 121, 0, 0, '', '', 0),
(176, 91, 1, 1, '1160', 60, 9, '2', '2.00', '4.00', '', 'ARROZ CON LECHE', 0, 0, 1, 0, 1, 0, 115, 0, 0, '', '', 0),
(177, 92, 1, 1, '1160', 60, 9, '2', '2.00', '4.00', '', 'ARROZ CON LECHE', 0, 0, 1, 0, 1, 0, 114, 0, 0, '', '', 0),
(178, 93, 1, 1, '112', 2, 10, '1', '10.00', '10.00', '', 'ARROZ CHAUFA REGIONAL', 0, 0, 1, 0, 1, 0, 117, 0, 0, '', '', 0),
(179, 93, 1, 1, '1159', 59, 9, '1', '2.00', '0.00', '', 'SOPA DE POLLO', 0, 0, 1, 0, 1, 0, 117, 0, 0, '', '', 0),
(180, 93, 1, 1, '1160', 60, 9, '1', '2.00', '0.00', '', 'ARROZ CON LECHE', 0, 0, 1, 0, 1, 0, 117, 0, 0, '', '', 0),
(181, 93, 1, 1, '1163', 63, 10, '1', '10.00', '10.00', '', 'ASADO DE GALLINA', 0, 0, 1, 0, 1, 0, 117, 0, 0, '', '', 0),
(182, 94, 1, 1, '112', 2, 10, '1', '10.00', '10.00', '', 'ARROZ CHAUFA REGIONAL', 0, 0, 0, 0, 1, 0, 0, 0, 0, '', '', 0),
(183, 94, 1, 1, '1113', 13, 1, '1', '15.00', '15.00', '', 'APANADO DE TRUCHA CON PATACONES', 0, 0, 0, 0, 1, 0, 0, 0, 0, '', '', 0),
(184, 94, 1, 1, '1159', 59, 9, '2', '2.00', '0.00', '', 'SOPA DE POLLO', 0, 0, 0, 0, 1, 0, 0, 0, 0, '', '', 0),
(185, 95, 1, 1, '16', 83, 5, '1', '2.00', '2.00', '', 'GASEOSA BBB', 0, 0, 0, 0, 0, 0, 0, 0, 0, '', '', 0),
(186, 95, 1, 1, '17', 84, 5, '1', '2.00', '2.00', '', 'GASEOSA CCC', 0, 0, 0, 0, 0, 0, 0, 0, 0, '', '', 0),
(187, 95, 1, 1, '1159', 59, 9, '2', '2.00', '2.00', '', 'SOPA DE POLLO', 0, 0, 0, 0, 1, 0, 0, 0, 0, '', '', 0),
(188, 95, 1, 1, '1163', 63, 10, '1', '10.00', '10.00', '', 'ASADO DE GALLINA', 0, 0, 0, 0, 1, 0, 0, 0, 0, '', '', 0),
(189, 96, 1, 1, '112', 2, 10, '1', '10.00', '10.00', '', 'ARROZ CHAUFA REGIONAL', 0, 0, 0, 0, 1, 0, 0, 0, 0, '', '', 0),
(190, 96, 1, 1, '1159', 59, 9, '2', '2.00', '0.00', '', 'SOPA DE POLLO', 0, 0, 0, 0, 1, 0, 0, 0, 0, '', '', 0),
(191, 96, 1, 1, '1163', 63, 10, '1', '10.00', '10.00', '', 'ASADO DE GALLINA', 0, 0, 0, 0, 1, 0, 0, 0, 0, '', '', 0),
(192, 97, 1, 1, '1111', 11, 10, '1', '20.00', '20.00', '', 'ASADO DE MAJAS', 0, 0, 0, 0, 1, 0, 0, 0, 0, '', '', 0),
(193, 97, 1, 1, '1160', 60, 9, '1', '2.00', '0.00', '', 'ARROZ CON LECHE', 0, 0, 0, 0, 1, 0, 0, 0, 0, '', '', 0),
(194, 97, 1, 1, '1163', 63, 10, '2', '10.00', '20.00', '', 'ASADO DE GALLINA', 0, 0, 0, 0, 1, 0, 0, 0, 0, '', '', 0),
(195, 98, 1, 1, '1111', 11, 10, '2', '20.00', '40.00', '', 'ASADO DE MAJAS', 0, 0, 0, 0, 1, 0, 0, 0, 0, '', '', 0),
(196, 98, 1, 1, '1159', 59, 9, '2', '2.00', '0.00', '', 'SOPA DE POLLO', 0, 0, 0, 0, 1, 0, 0, 0, 0, '', '', 0),
(197, 98, 1, 1, '1160', 60, 9, '1', '2.00', '2.00', '', 'ARROZ CON LECHE', 0, 0, 0, 0, 1, 0, 0, 0, 0, '', '', 0),
(198, 99, 1, 1, '113', 3, 1, '1', '15.00', '15.00', '', 'LOMITO SALTADO', 0, 0, 0, 0, 1, 0, 0, 0, 0, '', '', 0),
(199, 99, 1, 1, '1113', 13, 1, '1', '15.00', '15.00', '', 'APANADO DE TRUCHA CON PATACONES', 0, 0, 0, 0, 1, 0, 0, 0, 0, '', '', 0),
(200, 99, 1, 1, '1159', 59, 9, '2', '2.00', '0.00', '', 'SOPA DE POLLO', 0, 0, 0, 0, 1, 0, 0, 0, 0, '', '', 0),
(201, 100, 1, 1, '112', 2, 10, '1', '10.00', '10.00', '', 'ARROZ CHAUFA REGIONAL', 0, 0, 0, 0, 1, 0, 0, 0, 0, '', '', 0),
(202, 100, 1, 1, '1113', 13, 1, '1', '15.00', '15.00', '', 'APANADO DE TRUCHA CON PATACONES', 0, 0, 0, 0, 1, 0, 0, 0, 0, '', '', 0),
(203, 100, 1, 1, '1159', 59, 9, '2', '2.00', '0.00', '', 'SOPA DE POLLO', 0, 0, 0, 0, 1, 0, 0, 0, 0, '', '', 0),
(204, 100, 1, 1, '1160', 60, 9, '2', '2.00', '0.00', '', 'ARROZ CON LECHE', 0, 0, 0, 0, 1, 0, 0, 0, 0, '', '', 0),
(205, 100, 1, 1, '1163', 63, 10, '2', '10.00', '20.00', '', 'ASADO DE GALLINA', 0, 0, 0, 0, 1, 0, 0, 0, 0, '', '', 0),
(206, 101, 1, 1, '113', 3, 1, '1', '15.00', '15.00', '', 'LOMITO SALTADO', 0, 0, 0, 0, 1, 0, 0, 0, 0, '', '', 0),
(207, 101, 1, 1, '1113', 13, 1, '1', '15.00', '15.00', '', 'APANADO DE TRUCHA CON PATACONES', 0, 0, 0, 0, 1, 0, 0, 0, 0, '', '', 0),
(208, 101, 1, 1, '1159', 59, 9, '1', '2.00', '0.00', '', 'SOPA DE POLLO', 0, 0, 0, 0, 1, 0, 0, 0, 0, '', '', 0),
(209, 101, 1, 1, '1160', 60, 9, '1', '2.00', '0.00', '', 'ARROZ CON LECHE', 0, 0, 0, 0, 1, 0, 0, 0, 0, '', '', 0),
(210, 102, 1, 1, '5', 39, 5, '2', '2.50', '5.00', '', 'AGUA SAN CARLOS', 0, 0, 0, 0, 0, 0, 0, 0, 0, '', '', 0),
(211, 102, 1, 1, '17', 84, 5, '2', '2.00', '4.00', '', 'GASEOSA CCC', 0, 0, 0, 0, 0, 0, 0, 0, 0, '', '', 0),
(212, 102, 1, 1, '1111', 11, 10, '1', '20.00', '20.00', '', 'ASADO DE MAJAS', 0, 0, 0, 0, 1, 0, 0, 0, 0, '', '', 0),
(213, 102, 1, 1, '1163', 63, 10, '1', '10.00', '10.00', '', 'ASADO DE GALLINA', 0, 0, 0, 0, 1, 0, 0, 0, 0, '', '', 0),
(214, 103, 1, 1, '1', 59, 6, '5', '7.00', '35.00', '', 'CRISTAL 625ML', 0, 0, 0, 0, 0, 0, 0, 0, 0, '', '', 0),
(215, 103, 1, 1, '13', 63, 6, '3', '8.00', '24.00', '', 'CORONA EXTRA', 0, 0, 0, 0, 0, 0, 0, 0, 0, '', '', 0),
(216, 103, 1, 1, '16', 83, 5, '5', '2.00', '10.00', '', 'GASEOSA BBB', 0, 0, 0, 0, 0, 0, 0, 0, 0, '', '', 0),
(217, 103, 1, 1, '17', 84, 5, '2', '2.00', '4.00', '', 'GASEOSA CCC', 0, 0, 0, 0, 0, 0, 0, 0, 0, '', '', 0),
(218, 103, 1, 1, '18', 85, 5, '2', '2.00', '4.00', '', 'GASEOSA DDD', 0, 0, 0, 0, 0, 0, 0, 0, 0, '', '', 0),
(219, 103, 1, 1, '112', 2, 10, '1', '10.00', '10.00', '', 'ARROZ CHAUFA REGIONAL', 0, 0, 0, 0, 1, 0, 0, 0, 0, '', '', 0),
(220, 103, 1, 1, '113', 3, 1, '3', '15.00', '45.00', '', 'LOMITO SALTADO', 0, 0, 0, 0, 1, 0, 0, 0, 0, '', '', 0),
(221, 103, 1, 1, '1111', 11, 10, '3', '20.00', '60.00', '', 'ASADO DE MAJAS', 0, 0, 0, 0, 1, 0, 0, 0, 0, '', '', 0),
(222, 103, 1, 1, '1113', 13, 1, '2', '15.00', '30.00', '', 'APANADO DE TRUCHA CON PATACONES', 0, 0, 0, 0, 1, 0, 0, 0, 0, '', '', 0),
(223, 103, 1, 1, '1144', 44, 8, '4', '1.00', '4.00', '', 'HELADO DE UN SOL', 0, 0, 0, 0, 1, 0, 0, 0, 0, '', '', 0),
(224, 103, 1, 1, '1147', 47, 8, '3', '10.00', '30.00', '', 'HELADO DE DIEZ SOL', 0, 0, 0, 0, 1, 0, 0, 0, 0, '', '', 0),
(225, 103, 1, 1, '1159', 59, 9, '5', '2.00', '0.00', '', 'SOPA DE POLLO', 0, 0, 0, 0, 1, 0, 0, 0, 0, '', '', 0),
(226, 103, 1, 1, '1160', 60, 9, '4', '2.00', '0.00', '', 'ARROZ CON LECHE', 0, 0, 0, 0, 1, 0, 0, 0, 0, '', '', 0),
(227, 103, 1, 1, '1163', 63, 10, '2', '10.00', '20.00', '', 'ASADO DE GALLINA', 0, 0, 0, 0, 1, 0, 0, 0, 0, '', '', 0),
(228, 104, 1, 1, '112', 2, 10, '1', '10.00', '10.00', '', 'ARROZ CHAUFA REGIONAL', 0, 0, 0, 0, 1, 0, 0, 0, 0, '', '', 0),
(229, 104, 1, 1, '1119', 19, 4, '1', '2.00', '2.00', '', 'CAFE PASADO', 0, 0, 0, 0, 1, 0, 0, 0, 0, '', '', 0),
(230, 104, 1, 1, '1158', 58, 4, '2', '4.00', '8.00', '', 'CAFE CON LECHE', 0, 0, 0, 0, 1, 0, 0, 0, 0, '', '', 0),
(231, 104, 1, 1, '1160', 60, 9, '2', '2.00', '2.00', '', 'ARROZ CON LECHE', 0, 0, 0, 0, 1, 0, 0, 0, 0, '', '', 0),
(232, 104, 1, 1, '1165', 65, 5, '1', '12.00', '12.00', '', 'JARRA DE TAPERIBA', 0, 0, 0, 0, 1, 0, 0, 0, 0, '', '', 0),
(233, 105, 1, 1, '113', 3, 1, '2', '15.00', '30.00', '', 'LOMITO SALTADO', 0, 0, 0, 0, 1, 0, 0, 0, 0, '', '', 0),
(234, 105, 1, 1, '1113', 13, 1, '1', '15.00', '15.00', '', 'APANADO DE TRUCHA CON PATACONES', 0, 0, 0, 0, 1, 0, 0, 0, 0, '', '', 0),
(235, 105, 1, 1, '1119', 19, 4, '1', '2.00', '2.00', '', 'CAFE PASADO', 0, 0, 0, 0, 1, 0, 0, 0, 0, '', '', 0),
(236, 105, 1, 1, '1158', 58, 4, '1', '4.00', '4.00', '', 'CAFE CON LECHE', 0, 0, 0, 0, 1, 0, 0, 0, 0, '', '', 0),
(237, 105, 1, 1, '1159', 59, 9, '2', '2.00', '0.00', '', 'SOPA DE POLLO', 0, 0, 0, 0, 1, 0, 0, 0, 0, '', '', 0),
(238, 105, 1, 1, '1160', 60, 9, '1', '2.00', '0.00', '', 'ARROZ CON LECHE', 0, 0, 0, 0, 1, 0, 0, 0, 0, '', '', 0),
(239, 105, 1, 1, '1164', 64, 5, '1', '12.00', '12.00', '', 'JARRA DE COCONA', 0, 0, 0, 0, 1, 0, 0, 0, 0, '', '', 0),
(240, 105, 1, 1, '1165', 65, 5, '1', '12.00', '12.00', '', 'JARRA DE TAPERIBA', 0, 0, 0, 0, 1, 0, 0, 0, 0, '', '', 0),
(241, 106, 1, 1, '112', 2, 10, '1', '10.00', '10.00', '', 'ARROZ CHAUFA REGIONAL', 0, 0, 0, 0, 1, 0, 0, 0, 0, '', '', 0),
(242, 106, 1, 1, '1118', 18, 4, '1', '1.00', '1.00', '', 'INFUCIONES', 0, 0, 0, 0, 1, 0, 0, 0, 0, '', '', 0),
(243, 106, 1, 1, '1158', 58, 4, '2', '4.00', '8.00', '', 'CAFE CON LECHE', 0, 0, 0, 0, 1, 0, 0, 0, 0, '', '', 0),
(244, 106, 1, 1, '1163', 63, 10, '2', '10.00', '20.00', '', 'ASADO DE GALLINA', 0, 0, 0, 0, 1, 0, 0, 0, 0, '', '', 0),
(245, 106, 1, 1, '1165', 65, 5, '1', '12.00', '12.00', '', 'JARRA DE TAPERIBA', 0, 0, 0, 0, 1, 0, 0, 0, 0, '', '', 0),
(246, 106, 2, 1, '1165', 65, 5, '1', '12.00', '12.00', '', 'JARRA DE TAPERIBA', 0, 0, 0, 0, 1, 0, 0, 0, 0, '', '', 0),
(247, 107, 1, 1, '1165', 65, 5, '1', '12.00', '12.00', '', 'JARRA DE TAPERIBA', 0, 0, 0, 0, 1, 0, 0, 0, 0, '', '', 0),
(248, 108, 1, 1, '1111', 11, 10, '2', '20.00', '40.00', '', 'ASADO DE MAJAS', 0, 0, 0, 0, 1, 0, 0, 0, 0, '', '', 0),
(249, 108, 1, 1, '1118', 18, 4, '2', '1.00', '2.00', '', 'INFUCIONES', 0, 0, 0, 0, 1, 0, 0, 0, 0, '', '', 0),
(250, 108, 1, 1, '1119', 19, 4, '2', '2.00', '4.00', '', 'CAFE PASADO', 0, 0, 0, 0, 1, 0, 0, 0, 0, '', '', 0),
(251, 108, 1, 1, '1160', 60, 9, '1', '2.00', '0.00', '', 'ARROZ CON LECHE', 0, 0, 0, 0, 1, 0, 0, 0, 0, '', '', 0),
(252, 108, 1, 1, '1165', 65, 5, '1', '12.00', '12.00', '', 'JARRA DE TAPERIBA', 0, 0, 0, 0, 1, 0, 0, 0, 0, '', '', 0),
(253, 109, 1, 1, '112', 2, 10, '1', '10.00', '10.00', '', 'ARROZ CHAUFA REGIONAL', 0, 0, 0, 0, 1, 0, 0, 0, 0, '', '', 0),
(254, 109, 1, 1, '113', 3, 1, '1', '15.00', '15.00', '', 'LOMITO SALTADO', 0, 0, 0, 0, 1, 0, 0, 0, 0, '', '', 0),
(255, 109, 1, 1, '1113', 13, 1, '1', '15.00', '15.00', '', 'APANADO DE TRUCHA CON PATACONES', 0, 0, 0, 0, 1, 0, 0, 0, 0, '', '', 0),
(256, 109, 1, 1, '1119', 19, 4, '1', '2.00', '2.00', '', 'CAFE PASADO', 0, 0, 0, 0, 1, 0, 0, 0, 0, '', '', 0),
(257, 109, 1, 1, '1122', 22, 5, '1', '12.00', '12.00', '', 'JARRA COCONA', 0, 0, 0, 0, 1, 0, 0, 0, 0, '', '', 0),
(258, 109, 1, 1, '1142', 42, 5, '1', '12.00', '12.00', '', 'JARRA GUANABANA', 0, 0, 0, 0, 1, 0, 0, 0, 0, '', '', 0),
(259, 109, 1, 1, '1143', 43, 5, '1', '5.00', '5.00', '', '1/2 JARRA GUANABANA', 0, 0, 0, 0, 1, 0, 0, 0, 0, '', '', 0),
(260, 109, 1, 1, '1160', 60, 9, '2', '2.00', '0.00', '', 'ARROZ CON LECHE', 0, 0, 0, 0, 1, 0, 0, 0, 0, '', '', 0),
(261, 109, 1, 1, '1163', 63, 10, '1', '10.00', '10.00', '', 'ASADO DE GALLINA', 0, 0, 0, 0, 1, 0, 0, 0, 0, '', '', 0),
(262, 110, 1, 1, '1', 59, 6, '1', '7.00', '7.00', '', 'CRISTAL 625ML', 0, 0, 0, 0, 0, 0, 0, 0, 0, '', '', 0),
(263, 110, 1, 1, '5', 39, 5, '2', '2.50', '5.00', '', 'AGUA SAN CARLOS', 0, 0, 0, 0, 0, 0, 0, 0, 0, '', '', 0),
(264, 110, 1, 1, '113', 3, 1, '1', '15.00', '15.00', '', 'LOMITO SALTADO', 0, 0, 0, 0, 1, 0, 0, 0, 0, '', '', 0),
(265, 110, 1, 1, '1113', 13, 1, '1', '15.00', '15.00', '', 'APANADO DE TRUCHA CON PATACONES', 0, 0, 0, 0, 1, 0, 0, 0, 0, '', '', 0),
(266, 110, 1, 1, '1142', 42, 5, '1', '12.00', '12.00', '', 'JARRA GUANABANA', 0, 0, 0, 0, 1, 0, 0, 0, 0, '', '', 0),
(267, 110, 1, 1, '1159', 59, 9, '1', '2.00', '0.00', '', 'SOPA DE POLLO', 0, 0, 0, 0, 1, 0, 0, 0, 0, '', '', 0),
(268, 110, 1, 1, '1160', 60, 9, '1', '2.00', '0.00', '', 'ARROZ CON LECHE', 0, 0, 0, 0, 1, 0, 0, 0, 0, '', '', 0),
(269, 111, 1, 1, '1', 59, 6, '0', '7.00', '0', '', 'CRISTAL 625ML', 0, 0, 1, 0, 0, 0, 136, 0, 1, '02:01:27', '', 0),
(270, 111, 1, 1, '13', 63, 6, '0', '8.00', '0', '', 'CORONA EXTRA', 0, 0, 1, 0, 0, 0, 136, 0, 1, '02:01:27', '', 0),
(271, 111, 1, 1, '1111', 11, 10, '0', '20.00', '0', '', 'ASADO DE MAJAS', 0, 0, 1, 0, 1, 0, 136, 0, 1, '01:59:32', '', 0),
(272, 111, 1, 1, '1142', 42, 5, '0', '12.00', '0', '', 'JARRA GUANABANA', 0, 0, 1, 0, 1, 0, 136, 0, 1, '02:01:27', '', 0),
(273, 111, 1, 1, '1160', 60, 9, '0', '2.00', '0', '', 'ARROZ CON LECHE', 0, 0, 1, 0, 1, 0, 136, 0, 1, '01:59:32', '', 0),
(274, 111, 1, 1, '1163', 63, 10, '0', '10.00', '0', '', 'ASADO DE GALLINA', 0, 0, 1, 0, 1, 0, 136, 0, 1, '01:59:32', '', 0),
(275, 112, 1, 1, '1', 59, 6, '0', '7.00', '0.00', '', 'CRISTAL 625ML', 0, 0, 1, 0, 0, 0, 183, 0, 1, '', '', 0),
(276, 112, 1, 1, '13', 63, 6, '0', '8.00', '0.00', '', 'CORONA EXTRA', 0, 0, 1, 0, 0, 0, 183, 0, 1, '', '', 0),
(277, 112, 1, 1, '113', 3, 1, '0', '15.00', '0.00', '', 'LOMITO SALTADO', 0, 0, 1, 0, 1, 0, 183, 0, 1, '', '', 0),
(278, 112, 1, 1, '1113', 13, 1, '0', '15.00', '0.00', '', 'APANADO DE TRUCHA CON PATACONES', 0, 0, 1, 0, 1, 0, 183, 0, 1, '', '', 0),
(279, 112, 1, 1, '1142', 42, 5, '0', '12.00', '0.00', '', 'JARRA GUANABANA', 0, 0, 1, 0, 1, 0, 183, 0, 1, '', '', 0),
(280, 112, 1, 1, '1159', 59, 9, '0', '2.00', '0.00', '', 'SOPA DE POLLO', 0, 0, 1, 0, 1, 0, 183, 0, 1, '', '', 0),
(281, 113, 1, 1, '113', 3, 1, '0', '15.00', '0.00', '', 'LOMITO SALTADO', 0, 0, 1, 0, 1, 0, 186, 0, 1, '02:26:26', '', 0),
(282, 113, 1, 1, '1113', 13, 1, '0', '15.00', '0.00', '', 'APANADO DE TRUCHA CON PATACONES', 0, 0, 1, 0, 1, 0, 186, 0, 1, '02:26:26', '', 0),
(283, 113, 1, 1, '1118', 18, 4, '0', '1.00', '0.00', '', 'INFUCIONES', 0, 0, 1, 0, 1, 0, 186, 0, 1, '02:26:26', '', 0),
(284, 113, 1, 1, '1159', 59, 9, '0', '2.00', '0.00', '', 'SOPA DE POLLO', 0, 0, 1, 0, 1, 0, 186, 0, 1, '02:26:26', '', 0),
(285, 114, 1, 1, '112', 2, 10, '0', '10.00', '0.00', '', 'ARROZ CHAUFA REGIONAL', 0, 0, 1, 0, 1, 0, 180, 0, 1, '02:03:49', '', 0),
(286, 114, 1, 1, '1111', 11, 10, '0', '20.00', '0.00', '', 'ASADO DE MAJAS', 0, 0, 1, 0, 1, 0, 180, 0, 1, '02:03:49', '', 0),
(287, 114, 1, 1, '1159', 59, 9, '0', '2.00', '0.00', '', 'SOPA DE POLLO', 0, 0, 1, 0, 1, 0, 180, 0, 1, '02:03:49', '', 0),
(288, 114, 1, 1, '1163', 63, 10, '0', '10.00', '0.00', '', 'ASADO DE GALLINA', 0, 0, 1, 0, 1, 0, 180, 0, 1, '02:03:49', '', 0),
(289, 115, 1, 1, '13', 63, 6, '0', '8.00', '0.00', '', 'CORONA EXTRA', 0, 0, 1, 0, 0, 0, 181, 0, 1, '02:04:05', '', 0),
(290, 115, 1, 1, '1111', 11, 10, '0', '20.00', '0.00', '', 'ASADO DE MAJAS', 0, 0, 1, 0, 1, 0, 181, 0, 1, '02:04:05', '', 0),
(291, 115, 1, 1, '1143', 43, 5, '0', '5.00', '0.00', '', '1/2 JARRA GUANABANA', 0, 0, 1, 0, 1, 0, 181, 0, 1, '02:04:05', '', 0),
(292, 115, 1, 1, '1160', 60, 9, '0', '2.00', '0.00', '', 'ARROZ CON LECHE', 0, 0, 1, 0, 1, 0, 181, 0, 1, '02:04:05', '', 0),
(293, 115, 2, 1, '1111', 11, 10, '0', '20.00', '0.00', '', 'ASADO DE MAJAS', 0, 0, 1, 0, 1, 0, 181, 0, 1, '02:04:05', '', 0),
(294, 115, 2, 1, '1159', 59, 9, '0', '2.00', '0.00', '', 'SOPA DE POLLO', 0, 0, 1, 0, 1, 0, 181, 0, 1, '02:04:05', '', 0),
(295, 116, 1, 1, '113', 3, 1, '0', '15.00', '0.00', '', 'LOMITO SALTADO', 0, 0, 1, 0, 1, 0, 174, 0, 1, '02:26:29', '', 0),
(296, 116, 1, 1, '1159', 59, 9, '0', '2.00', '0.00', '', 'SOPA DE POLLO', 0, 0, 1, 0, 1, 0, 174, 0, 1, '02:26:29', '', 0),
(297, 117, 1, 1, '113', 3, 1, '0', '15.00', '0.00', '', 'LOMITO SALTADO', 0, 0, 1, 0, 1, 0, 183, 0, 1, '02:26:36', '', 0),
(298, 117, 1, 1, '1159', 59, 9, '0', '2.00', '0.00', '', 'SOPA DE POLLO', 0, 0, 1, 0, 1, 0, 183, 0, 1, '02:26:36', '', 0),
(299, 117, 1, 1, '1160', 60, 9, '0', '2.00', '0.00', '', 'ARROZ CON LECHE', 0, 0, 1, 0, 1, 0, 183, 0, 1, '02:26:36', '', 0),
(300, 118, 1, 1, '1142', 42, 5, '1', '12.00', '12.00', '', 'JARRA GUANABANA', 0, 0, 0, 0, 1, 0, 0, 0, 0, '', '', 0),
(301, 118, 1, 1, '1159', 59, 9, '1', '2.00', '0.00', '', 'SOPA DE POLLO', 0, 0, 0, 0, 1, 0, 0, 0, 0, '', '', 0),
(302, 118, 1, 1, '1163', 63, 10, '1', '10.00', '10.00', '', 'ASADO DE GALLINA', 0, 0, 0, 0, 1, 0, 0, 0, 0, '', '', 0),
(303, 119, 1, 1, '1119', 19, 4, '0', '2.00', '0.00', '', 'CAFE PASADO', 0, 0, 1, 0, 1, 0, 186, 0, 1, '02:29:59', '', 0),
(304, 119, 1, 1, '1159', 59, 9, '0', '2.00', '0.00', '', 'SOPA DE POLLO', 0, 0, 1, 0, 1, 0, 186, 0, 1, '02:29:59', '', 0),
(305, 119, 1, 1, '1163', 63, 10, '0', '10.00', '0.00', '', 'ASADO DE GALLINA', 0, 0, 1, 0, 1, 0, 186, 0, 1, '02:29:59', '', 0),
(306, 120, 1, 1, '112', 2, 10, '0', '10.00', '0.00', '', 'ARROZ CHAUFA REGIONAL', 0, 0, 1, 0, 1, 0, 183, 0, 1, '02:26:45', '', 0),
(307, 120, 1, 1, '1159', 59, 9, '0', '2.00', '0.00', '', 'SOPA DE POLLO', 0, 0, 1, 0, 1, 0, 183, 0, 1, '02:26:45', '', 0),
(308, 120, 1, 1, '1163', 63, 10, '0', '10.00', '0.00', '', 'ASADO DE GALLINA', 0, 0, 1, 0, 1, 0, 183, 0, 1, '02:26:45', '', 0),
(309, 122, 1, 1, '1111', 11, 10, '0', '20.00', '0.00', '', 'ASADO DE MAJAS', 0, 0, 1, 0, 1, 0, 174, 0, 1, '02:37:18', '', 0),
(310, 122, 1, 1, '1159', 59, 9, '0', '2.00', '0.00', '', 'SOPA DE POLLO', 0, 0, 1, 0, 1, 0, 174, 0, 1, '02:37:18', '', 0),
(311, 122, 1, 1, '1160', 60, 9, '0', '2.00', '0.00', '', 'ARROZ CON LECHE', 0, 0, 1, 0, 1, 0, 174, 0, 1, '02:37:18', '', 0),
(312, 122, 1, 1, '1163', 63, 10, '0', '10.00', '0.00', '', 'ASADO DE GALLINA', 0, 0, 1, 0, 1, 0, 174, 0, 1, '02:37:18', '', 0),
(313, 123, 1, 1, '1122', 22, 5, '0', '12.00', '0.00', '', 'JARRA COCONA', 0, 0, 1, 0, 1, 0, 174, 0, 1, '02:30:09', '', 0),
(314, 123, 1, 1, '1142', 42, 5, '0', '12.00', '0.00', '', 'JARRA GUANABANA', 0, 0, 1, 0, 1, 0, 174, 0, 1, '02:30:09', '', 0),
(315, 124, 1, 1, '1123', 23, 5, '0', '5.00', '0.00', '', '1/2 JARRA DE COCONA', 0, 0, 1, 0, 1, 0, 174, 0, 1, '02:30:02', '', 0),
(316, 124, 1, 1, '1143', 43, 5, '0', '5.00', '0.00', '', '1/2 JARRA GUANABANA', 0, 0, 1, 0, 1, 0, 174, 0, 1, '02:30:02', '', 0),
(317, 125, 1, 1, '1142', 42, 5, '0', '12.00', '0.00', '', 'JARRA GUANABANA', 0, 0, 1, 0, 1, 0, 184, 0, 1, '02:30:04', '', 0),
(318, 126, 1, 1, '1142', 42, 5, '0', '12.00', '0.00', '', 'JARRA GUANABANA', 0, 0, 1, 0, 1, 0, 174, 0, 1, '02:30:06', '', 0),
(319, 126, 1, 1, '1143', 43, 5, '0', '5.00', '0.00', '', '1/2 JARRA GUANABANA', 0, 0, 1, 0, 1, 0, 174, 0, 1, '02:30:06', '', 0),
(320, 127, 1, 1, '1143', 43, 5, '3', '5.00', '15.00', '', '1/2 JARRA GUANABANA', 0, 0, 0, 0, 1, 0, 0, 0, 0, '', '', 0),
(321, 128, 1, 1, '1122', 22, 5, '1', '12.00', '12.00', '', 'JARRA COCONA', 0, 0, 0, 0, 1, 0, 0, 0, 1, '02:04:26', '', 0),
(322, 128, 1, 1, '1142', 42, 5, '1', '12.00', '12.00', '', 'JARRA GUANABANA', 0, 0, 0, 0, 1, 0, 0, 0, 1, '02:04:26', '', 0),
(323, 128, 1, 1, '1143', 43, 5, '1', '5.00', '5.00', '', '1/2 JARRA GUANABANA', 0, 0, 0, 0, 1, 0, 0, 0, 1, '02:04:26', '', 0),
(324, 129, 1, 1, '112', 2, 10, '0', '10.00', '0.00', '', 'ARROZ CHAUFA REGIONAL', 0, 0, 1, 0, 1, 0, 174, 0, 1, '01:00:10', '', 0),
(325, 129, 1, 1, '1111', 11, 10, '0', '20.00', '0.00', '', 'ASADO DE MAJAS', 0, 0, 1, 0, 1, 0, 174, 0, 1, '01:00:10', '', 0),
(326, 129, 1, 1, '1159', 59, 9, '0', '2.00', '0.00', '', 'SOPA DE POLLO', 0, 0, 1, 0, 1, 0, 174, 0, 1, '01:00:10', '', 0),
(327, 129, 1, 1, '1163', 63, 10, '0', '10.00', '0.00', '', 'ASADO DE GALLINA', 0, 0, 1, 0, 1, 0, 174, 0, 1, '01:00:10', '', 0),
(328, 130, 1, 1, '112', 2, 10, '0', '10.00', '0', '', 'ARROZ CHAUFA REGIONAL', 0, 0, 1, 0, 1, 0, 134, 0, 1, '01:11:32', '00:52', 0),
(329, 130, 1, 1, '1119', 19, 4, '0', '2.00', '0', '', 'CAFE PASADO', 0, 0, 1, 0, 1, 0, 134, 0, 1, '01:13:49', '03:09', 0),
(330, 130, 1, 1, '1122', 22, 5, '0', '12.00', '0', '', 'JARRA COCONA', 0, 0, 1, 0, 1, 0, 134, 0, 1, '01:13:49', '03:09', 0),
(331, 130, 1, 1, '1143', 43, 5, '0', '5.00', '0', '', '1/2 JARRA GUANABANA', 0, 0, 1, 0, 1, 0, 134, 0, 1, '01:13:49', '03:09', 0),
(332, 130, 1, 1, '1158', 58, 4, '0', '4.00', '0', '', 'CAFE CON LECHE', 0, 0, 1, 0, 1, 0, 134, 0, 1, '01:13:49', '03:09', 0),
(333, 130, 1, 1, '1159', 59, 9, '0', '2.00', '0', '', 'SOPA DE POLLO', 0, 0, 1, 0, 1, 0, 134, 0, 1, '01:11:32', '00:52', 0),
(334, 130, 1, 1, '1160', 60, 9, '0', '2.00', '0', '', 'ARROZ CON LECHE', 0, 0, 1, 0, 1, 0, 134, 0, 1, '01:11:32', '00:52', 0),
(335, 130, 1, 1, '1163', 63, 10, '0', '10.00', '0', '', 'ASADO DE GALLINA', 0, 0, 1, 0, 1, 0, 134, 0, 1, '01:11:32', '00:52', 0),
(336, 131, 1, 1, '1111', 11, 10, '0', '20.00', '0.00', '', 'ASADO DE MAJAS', 0, 0, 1, 0, 1, 0, 183, 0, 1, '02:43:31', '00:27', 0),
(337, 131, 1, 1, '1143', 43, 5, '0', '5.00', '0.00', '', '1/2 JARRA GUANABANA', 0, 0, 1, 0, 1, 0, 183, 0, 1, '02:43:31', '00:27', 0),
(338, 131, 1, 1, '1159', 59, 9, '0', '2.00', '0.00', '', 'SOPA DE POLLO', 0, 0, 1, 0, 1, 0, 183, 0, 1, '02:43:31', '00:27', 0),
(339, 131, 1, 1, '1160', 60, 9, '0', '2.00', '0.00', '', 'ARROZ CON LECHE', 0, 0, 1, 0, 1, 0, 183, 0, 1, '02:43:31', '00:27', 0),
(340, 131, 1, 1, '1163', 63, 10, '0', '10.00', '0.00', '', 'ASADO DE GALLINA', 0, 0, 1, 0, 1, 0, 183, 0, 1, '02:43:31', '00:27', 0),
(341, 132, 1, 1, '1159', 59, 9, '0', '2.00', '0.00', '', 'SOPA DE POLLO', 0, 0, 1, 0, 1, 0, 173, 0, 1, '00:50:33', '00:00', 0),
(342, 132, 1, 1, '1163', 63, 10, '0', '10.00', '0.00', '', 'ASADO DE GALLINA', 0, 0, 1, 0, 1, 0, 173, 0, 1, '00:50:33', '00:00', 0),
(343, 133, 1, 1, '1160', 60, 9, '0', '2.00', '0.00', '', 'ARROZ CON LECHE', 0, 0, 1, 0, 1, 0, 172, 0, 1, '01:50:26', '62:47', 0),
(344, 133, 1, 1, '1163', 63, 10, '0', '10.00', '0.00', '', 'ASADO DE GALLINA', 0, 0, 1, 0, 1, 0, 172, 0, 1, '01:50:26', '62:47', 0),
(345, 134, 1, 1, '113', 3, 1, '0', '15.00', '0.00', '', 'LOMITO SALTADO', 0, 0, 1, 0, 1, 0, 179, 0, 1, '02:03:30', '00:07', 0),
(346, 134, 1, 1, '1113', 13, 1, '0', '15.00', '0.00', '', 'APANADO DE TRUCHA CON PATACONES', 0, 0, 1, 0, 1, 0, 179, 0, 1, '02:03:30', '00:07', 0),
(347, 134, 1, 1, '1159', 59, 9, '0', '2.00', '0.00', '', 'SOPA DE POLLO', 0, 0, 1, 0, 1, 0, 179, 0, 1, '02:03:30', '00:07', 0),
(348, 134, 1, 1, '1160', 60, 9, '0', '2.00', '0.00', '', 'ARROZ CON LECHE', 0, 0, 1, 0, 1, 0, 179, 0, 1, '02:03:30', '00:07', 0),
(349, 135, 1, 1, '112', 2, 10, '0', '10.00', '0.00', '', 'ARROZ CHAUFA REGIONAL', 0, 0, 1, 0, 1, 0, 183, 0, 1, '03:33:46', '00:00', 0),
(350, 135, 1, 1, '1163', 63, 10, '0', '10.00', '0.00', '', 'ASADO DE GALLINA', 0, 0, 1, 0, 1, 0, 183, 0, 1, '03:33:46', '00:00', 0),
(351, 136, 1, 1, '113', 3, 1, '0', '15.00', '0.00', '', 'LOMITO SALTADO', 0, 0, 1, 0, 1, 0, 186, 0, 1, '04:24:14', '10:45', 0),
(352, 136, 1, 1, '1113', 13, 1, '0', '15.00', '0.00', '', 'APANADO DE TRUCHA CON PATACONES', 0, 0, 1, 0, 1, 0, 186, 0, 1, '04:24:14', '10:45', 0),
(353, 136, 1, 1, '1159', 59, 9, '0', '2.00', '0.00', '', 'SOPA DE POLLO', 0, 0, 1, 0, 1, 0, 186, 0, 1, '04:24:14', '10:45', 0),
(354, 136, 1, 1, '1160', 60, 9, '0', '2.00', '0.00', '', 'ARROZ CON LECHE', 0, 0, 1, 0, 1, 0, 186, 0, 1, '04:24:14', '10:45', 0),
(355, 143, 1, 1, '1160', 60, 9, '0', '2.00', '0', '', 'ARROZ CON LECHE', 0, 0, 1, 0, 1, 0, 137, 0, 0, '', '', 0),
(356, 143, 1, 1, '1163', 63, 10, '0', '10.00', '0', '', 'ASADO DE GALLINA', 0, 0, 1, 0, 1, 0, 137, 0, 0, '', '', 0),
(357, 144, 1, 1, '1159', 59, 9, '0', '2.00', '0', '', 'SOPA DE POLLO', 0, 0, 1, 0, 1, 0, 138, 0, 0, '', '', 0),
(358, 144, 1, 1, '1160', 60, 9, '0', '2.00', '0', '', 'ARROZ CON LECHE', 0, 0, 1, 0, 1, 0, 138, 0, 0, '', '', 0),
(359, 144, 1, 1, '1163', 63, 10, '0', '10.00', '0', '', 'ASADO DE GALLINA', 0, 0, 1, 0, 1, 0, 138, 0, 0, '', '', 0),
(360, 145, 1, 1, '1111', 11, 10, '0', '20.00', '0.00', '', 'ASADO DE MAJAS', 0, 0, 1, 0, 1, 0, 177, 0, 0, '', '', 0),
(361, 145, 1, 1, '1159', 59, 9, '0', '2.00', '0.00', '', 'SOPA DE POLLO', 0, 0, 1, 0, 1, 0, 143, 0, 0, '', '', 0),
(362, 145, 1, 1, '1160', 60, 9, '0', '2.00', '0', '', 'ARROZ CON LECHE', 0, 0, 1, 0, 1, 0, 141, 0, 0, '', '', 0),
(363, 146, 1, 1, '113', 3, 1, '0', '15.00', '0.00', '', 'LOMITO SALTADO', 0, 0, 1, 0, 1, 0, 177, 0, 0, '', '', 0),
(364, 146, 1, 1, '1113', 13, 1, '0', '15.00', '0', '', 'APANADO DE TRUCHA CON PATACONES', 0, 0, 1, 0, 1, 0, 141, 0, 0, '', '', 0),
(365, 146, 1, 1, '1159', 59, 9, '0', '2.00', '0', '', 'SOPA DE POLLO', 0, 0, 1, 0, 1, 0, 142, 0, 0, '', '', 0),
(366, 148, 1, 1, '1159', 59, 9, '1', '2.00', '0.00', '', 'SOPA DE POLLO', 0, 0, 0, 0, 1, 0, 0, 0, 0, '', '', 0),
(367, 148, 1, 1, '1163', 63, 10, '1', '10.00', '10.00', '', 'ASADO DE GALLINA', 0, 0, 0, 0, 1, 0, 0, 0, 0, '', '', 0),
(368, 149, 1, 1, '1159', 59, 9, '1', '2.00', '0.00', '', 'SOPA DE POLLO', 0, 0, 0, 0, 1, 0, 0, 0, 0, '', '', 0),
(369, 149, 1, 1, '1163', 63, 10, '1', '10.00', '10.00', '', 'ASADO DE GALLINA', 0, 0, 0, 0, 1, 0, 0, 0, 0, '', '', 0),
(370, 150, 1, 1, '112', 2, 10, '1', '10.00', '10.00', '', 'ARROZ CHAUFA REGIONAL', 0, 0, 0, 0, 1, 0, 0, 0, 0, '', '', 0),
(371, 150, 1, 1, '1159', 59, 9, '1', '2.00', '0.00', '', 'SOPA DE POLLO', 0, 0, 0, 0, 1, 0, 0, 0, 0, '', '', 0),
(372, 151, 1, 1, '1160', 60, 9, '1', '2.00', '0.00', '', 'ARROZ CON LECHE', 0, 0, 0, 0, 1, 0, 0, 0, 0, '', '', 0),
(373, 151, 1, 1, '1163', 63, 10, '1', '10.00', '10.00', '', 'ASADO DE GALLINA', 0, 0, 0, 0, 1, 0, 0, 0, 0, '', '', 0),
(374, 152, 1, 1, '112', 2, 10, '1', '10.00', '10.00', '', 'ARROZ CHAUFA REGIONAL', 0, 0, 0, 0, 1, 0, 0, 0, 0, '', '', 0),
(375, 152, 1, 1, '1159', 59, 9, '1', '2.00', '0.00', '', 'SOPA DE POLLO', 0, 0, 0, 0, 1, 0, 0, 0, 0, '', '', 0),
(376, 153, 1, 1, '112', 2, 10, '1', '10.00', '10.00', '', 'ARROZ CHAUFA REGIONAL', 0, 0, 0, 0, 1, 0, 0, 0, 0, '', '', 0),
(377, 153, 1, 1, '1159', 59, 9, '1', '2.00', '0.00', '', 'SOPA DE POLLO', 0, 0, 0, 0, 1, 0, 0, 0, 0, '', '', 0),
(378, 154, 1, 1, '112', 2, 10, '1', '10.00', '10.00', '', 'ARROZ CHAUFA REGIONAL', 0, 0, 0, 0, 1, 0, 0, 0, 0, '', '', 0),
(379, 154, 1, 1, '1159', 59, 9, '1', '2.00', '0.00', '', 'SOPA DE POLLO', 0, 0, 0, 0, 1, 0, 0, 0, 0, '', '', 0),
(380, 155, 1, 1, '1160', 60, 9, '1', '2.00', '0.00', '', 'ARROZ CON LECHE', 0, 0, 0, 0, 1, 0, 0, 0, 0, '', '', 0),
(381, 155, 1, 1, '1163', 63, 10, '1', '10.00', '10.00', '', 'ASADO DE GALLINA', 0, 0, 0, 0, 1, 0, 0, 0, 0, '', '', 0),
(382, 156, 1, 1, '1159', 59, 9, '1', '2.00', '0.00', '', 'SOPA DE POLLO', 0, 0, 0, 0, 1, 0, 0, 0, 0, '', '', 0),
(383, 156, 1, 1, '1163', 63, 10, '1', '10.00', '10.00', '', 'ASADO DE GALLINA', 0, 0, 0, 0, 1, 0, 0, 0, 0, '', '', 0),
(384, 157, 1, 1, '112', 2, 10, '1', '10.00', '10.00', '', 'ARROZ CHAUFA REGIONAL', 0, 0, 0, 0, 1, 0, 0, 0, 0, '', '', 0),
(385, 157, 1, 1, '1159', 59, 9, '1', '2.00', '0.00', '', 'SOPA DE POLLO', 0, 0, 0, 0, 1, 0, 0, 0, 0, '', '', 0),
(386, 158, 1, 1, '112', 2, 10, '1', '10.00', '10.00', '', 'ARROZ CHAUFA REGIONAL', 0, 0, 0, 0, 1, 0, 0, 0, 0, '', '', 0),
(387, 158, 1, 1, '1160', 60, 9, '1', '2.00', '0.00', '', 'ARROZ CON LECHE', 0, 0, 0, 0, 1, 0, 0, 0, 0, '', '', 0),
(388, 159, 1, 1, '1159', 59, 9, '1', '2.00', '2.00', '', 'SOPA DE POLLO', 0, 0, 0, 0, 1, 0, 0, 0, 0, '', '', 0),
(389, 159, 1, 1, '1160', 60, 9, '1', '2.00', '2.00', '', 'ARROZ CON LECHE', 0, 0, 0, 0, 1, 0, 0, 0, 0, '', '', 0),
(390, 160, 1, 1, '1160', 60, 9, '1', '2.00', '0.00', '', 'ARROZ CON LECHE', 0, 0, 0, 0, 1, 0, 0, 0, 0, '', '', 0),
(391, 160, 1, 1, '1163', 63, 10, '1', '10.00', '10.00', '', 'ASADO DE GALLINA', 0, 0, 0, 0, 1, 0, 0, 0, 0, '', '', 0),
(392, 161, 1, 1, '112', 2, 10, '1', '10.00', '10.00', '', 'ARROZ CHAUFA REGIONAL', 0, 0, 0, 0, 1, 0, 0, 0, 0, '', '', 0),
(393, 161, 1, 1, '1163', 63, 10, '1', '10.00', '10.00', '', 'ASADO DE GALLINA', 0, 0, 0, 0, 1, 0, 0, 0, 0, '', '', 0),
(394, 162, 1, 1, '112', 2, 10, '1', '10.00', '10.00', '', 'ARROZ CHAUFA REGIONAL', 0, 0, 0, 0, 1, 0, 0, 0, 0, '', '', 0),
(395, 162, 1, 1, '1159', 59, 9, '1', '2.00', '0.00', '', 'SOPA DE POLLO', 0, 0, 0, 0, 1, 0, 0, 0, 0, '', '', 0),
(396, 163, 1, 1, '112', 2, 10, '1', '10.00', '10.00', '', 'ARROZ CHAUFA REGIONAL', 0, 0, 0, 0, 1, 0, 0, 0, 0, '', '', 0),
(397, 163, 1, 1, '1159', 59, 9, '1', '2.00', '0.00', '', 'SOPA DE POLLO', 0, 0, 0, 0, 1, 0, 0, 0, 0, '', '', 0),
(398, 164, 1, 1, '112', 2, 10, '1', '10.00', '10.00', '', 'ARROZ CHAUFA REGIONAL', 0, 0, 0, 0, 1, 0, 0, 0, 0, '', '', 0),
(399, 164, 1, 1, '1159', 59, 9, '1', '2.00', '0.00', '', 'SOPA DE POLLO', 0, 0, 0, 0, 1, 0, 0, 0, 0, '', '', 0),
(400, 165, 1, 1, '112', 2, 10, '1', '10.00', '10.00', '', 'ARROZ CHAUFA REGIONAL', 0, 0, 0, 0, 1, 0, 0, 0, 0, '', '', 0),
(401, 165, 1, 1, '1159', 59, 9, '1', '2.00', '0.00', '', 'SOPA DE POLLO', 0, 0, 0, 0, 1, 0, 0, 0, 0, '', '', 0),
(402, 166, 1, 1, '112', 2, 10, '1', '10.00', '10.00', '', 'ARROZ CHAUFA REGIONAL', 0, 0, 0, 0, 1, 0, 0, 0, 0, '', '', 0),
(403, 166, 1, 1, '1159', 59, 9, '1', '2.00', '0.00', '', 'SOPA DE POLLO', 0, 0, 0, 0, 1, 0, 0, 0, 0, '', '', 0),
(404, 167, 1, 1, '112', 2, 10, '1', '10.00', '10.00', '', 'ARROZ CHAUFA REGIONAL', 0, 0, 0, 0, 1, 0, 0, 0, 0, '', '', 0),
(405, 167, 1, 1, '1159', 59, 9, '1', '2.00', '0.00', '', 'SOPA DE POLLO', 0, 0, 0, 0, 1, 0, 0, 0, 0, '', '', 0),
(406, 168, 1, 1, '112', 2, 10, '1', '10.00', '10.00', '', 'ARROZ CHAUFA REGIONAL', 0, 0, 0, 0, 1, 0, 0, 0, 0, '', '', 0),
(407, 168, 1, 1, '1159', 59, 9, '1', '2.00', '0.00', '', 'SOPA DE POLLO', 0, 0, 0, 0, 1, 0, 0, 0, 0, '', '', 0),
(408, 169, 1, 1, '1159', 59, 9, '2', '2.00', '4.00', '', 'SOPA DE POLLO', 0, 0, 0, 0, 1, 0, 0, 0, 0, '', '', 0),
(409, 170, 1, 1, '1159', 59, 9, '1', '2.00', '2.00', '', 'SOPA DE POLLO', 0, 0, 0, 0, 1, 0, 0, 0, 0, '', '', 0),
(410, 170, 1, 1, '1160', 60, 9, '1', '2.00', '2.00', '', 'ARROZ CON LECHE', 0, 0, 0, 0, 1, 0, 0, 0, 0, '', '', 0),
(411, 171, 1, 1, '112', 2, 10, '1', '10.00', '10.00', '', 'ARROZ CHAUFA REGIONAL', 0, 0, 0, 0, 1, 0, 0, 0, 0, '', '', 0),
(412, 171, 1, 1, '1159', 59, 9, '1', '2.00', '0.00', '', 'SOPA DE POLLO', 0, 0, 0, 0, 1, 0, 0, 0, 0, '', '', 0),
(413, 172, 1, 1, '112', 2, 10, '1', '10.00', '10.00', '', 'ARROZ CHAUFA REGIONAL', 0, 0, 0, 0, 1, 0, 0, 0, 0, '', '', 0),
(414, 172, 1, 1, '1159', 59, 9, '1', '2.00', '0.00', '', 'SOPA DE POLLO', 0, 0, 0, 0, 1, 0, 0, 0, 0, '', '', 0),
(415, 173, 1, 1, '1159', 59, 9, '3', '2.00', '4.00', '', 'SOPA DE POLLO', 0, 0, 0, 0, 1, 0, 0, 0, 0, '', '', 0),
(416, 173, 1, 1, '1163', 63, 10, '1', '10.00', '10.00', '', 'ASADO DE GALLINA', 0, 0, 0, 0, 1, 0, 0, 0, 0, '', '', 0),
(417, 174, 1, 1, '112', 2, 10, '1', '10.00', '10.00', '', 'ARROZ CHAUFA REGIONAL', 0, 0, 0, 0, 1, 0, 0, 0, 0, '', '', 0),
(418, 174, 1, 1, '1159', 59, 9, '1', '2.00', '0.00', '', 'SOPA DE POLLO', 0, 0, 0, 0, 1, 0, 0, 0, 0, '', '', 0),
(419, 175, 1, 1, '112', 2, 10, '1', '10.00', '10.00', '', 'ARROZ CHAUFA REGIONAL', 0, 0, 0, 0, 1, 0, 0, 0, 0, '', '', 0),
(420, 175, 1, 1, '1159', 59, 9, '1', '2.00', '0.00', '', 'SOPA DE POLLO', 0, 0, 0, 0, 1, 0, 0, 0, 0, '', '', 0),
(421, 176, 1, 1, '112', 2, 10, '0', '10.00', '0.00', '', 'ARROZ CHAUFA REGIONAL', 0, 0, 1, 0, 1, 0, 170, 0, 0, '', '', 0),
(422, 176, 1, 1, '1159', 59, 9, '0', '2.00', '0.00', '', 'SOPA DE POLLO', 0, 0, 1, 0, 1, 0, 170, 0, 0, '', '', 0),
(423, 177, 1, 1, '112', 2, 10, '0', '10.00', '0.00', '10.00', 'ARROZ CHAUFA REGIONAL', 0, 0, 1, 0, 1, 0, 171, 0, 0, '', '', 0);
INSERT INTO `pedido_detalle` (`idpedido_detalle`, `idpedido`, `idtipo_consumo`, `idcategoria`, `idcarta_lista`, `iditem`, `idseccion`, `cantidad`, `punitario`, `ptotal`, `ptotal_r`, `descripcion`, `secambio`, `borrado`, `pagado`, `procede`, `procede_tabla`, `estado_trigger`, `idregistro_pago`, `modificado`, `despachado`, `despachado_hora`, `despachado_tiempo`, `estado`) VALUES
(424, 177, 1, 1, '1160', 60, 9, '0', '2.00', '0.00', '0.00', 'ARROZ CON LECHE', 0, 0, 1, 0, 1, 0, 171, 0, 0, '', '', 0),
(425, 178, 1, 1, '1159', 59, 9, '1', '2.00', '0.00', '0.00', 'SOPA DE POLLO', 0, 0, 0, 0, 1, 0, 0, 0, 0, '', '', 1),
(426, 178, 1, 1, '1163', 63, 10, '1', '10.00', '10.00', '10.00', 'ASADO DE GALLINA', 0, 0, 0, 0, 1, 0, 0, 0, 0, '', '', 1),
(427, 179, 1, 1, '1111', 11, 10, '0', '20.00', '0.00', '40.00', 'ASADO DE MAJAS', 0, 0, 1, 0, 1, 0, 185, 0, 0, '', '', 0),
(428, 179, 1, 1, '1159', 59, 9, '0', '2.00', '0.00', '0.00', 'SOPA DE POLLO', 0, 0, 1, 0, 1, 0, 185, 0, 0, '', '', 0),
(429, 179, 1, 1, '1160', 60, 9, '0', '2.00', '0.00', '0.00', 'ARROZ CON LECHE', 0, 0, 1, 0, 1, 0, 185, 0, 0, '', '', 0),
(430, 179, 1, 1, '1163', 63, 10, '0', '10.00', '0.00', '10.00', 'ASADO DE GALLINA', 0, 0, 1, 0, 1, 0, 185, 0, 0, '', '', 0),
(431, 180, 1, 1, '1159', 59, 9, '0', '2.00', '0.00', '2.00', 'SOPA DE POLLO', 0, 0, 1, 0, 1, 0, 185, 0, 0, '', '', 0),
(432, 180, 1, 1, '1160', 60, 9, '0', '2.00', '0.00', '2.00', 'ARROZ CON LECHE', 0, 0, 1, 0, 1, 0, 185, 0, 0, '', '', 0),
(433, 181, 1, 1, '16', 83, 5, '0', '2.00', '0.00', '4.00', 'GASEOSA BBB', 0, 0, 1, 0, 5, 0, 187, 0, 0, '', '', 0),
(434, 181, 1, 1, '112', 2, 10, '0', '10.00', '0.00', '10.00', 'ARROZ CHAUFA REGIONAL', 0, 0, 1, 0, 1, 0, 187, 0, 0, '', '', 0),
(435, 181, 1, 1, '1160', 60, 9, '0', '2.00', '0.00', '0.00', 'ARROZ CON LECHE', 0, 0, 1, 0, 1, 0, 187, 0, 0, '', '', 0),
(436, 182, 1, 1, '13', 63, 6, '0', '8.00', '0.00', '16.00', 'CORONA EXTRA', 0, 0, 1, 0, 6, 0, 188, 0, 0, '', '', 0),
(437, 182, 1, 1, '1111', 11, 10, '0', '20.00', '0.00', '20.00', 'ASADO DE MAJAS', 0, 0, 1, 0, 1, 0, 188, 0, 0, '', '', 0),
(438, 182, 1, 1, '1119', 19, 4, '0', '2.00', '0.00', '2.00', 'CAFE PASADO', 0, 0, 1, 0, 1, 0, 188, 0, 0, '', '', 0),
(439, 183, 1, 1, '5', 39, 5, '2', '2.50', '5.00', '5.00', 'AGUA SAN CARLOS', 0, 0, 0, 0, 5, 0, 0, 0, 0, '', '', 0),
(440, 183, 1, 1, '113', 3, 1, '0', '15.00', '0.00', '15.00', 'LOMITO SALTADO', 0, 0, 1, 0, 1, 0, 190, 0, 0, '', '', 0),
(441, 183, 1, 1, '1142', 42, 5, '0', '12.00', '0.00', '12.00', 'JARRA GUANABANA', 0, 0, 1, 0, 1, 0, 190, 0, 0, '', '', 0),
(442, 184, 1, 1, '5', 39, 5, '0', '2.50', '0.00', '5.00', 'AGUA SAN CARLOS', 0, 0, 1, 0, 0, 0, 189, 0, 0, '', '', 0),
(443, 184, 1, 1, '13', 63, 6, '0', '8.00', '0.00', '16.00', 'CORONA EXTRA', 0, 0, 1, 0, 0, 0, 189, 0, 0, '', '', 0),
(444, 184, 1, 1, '1111', 11, 10, '0', '20.00', '0.00', '20.00', 'ASADO DE MAJAS', 0, 0, 1, 0, 1, 0, 189, 0, 0, '', '', 0),
(445, 184, 1, 1, '1160', 60, 9, '0', '2.00', '0.00', '0.00', 'ARROZ CON LECHE', 0, 0, 1, 0, 1, 0, 189, 0, 0, '', '', 0),
(446, 184, 1, 1, '1163', 63, 10, '0', '10.00', '0.00', '20.00', 'ASADO DE GALLINA', 0, 0, 1, 0, 1, 0, 189, 0, 0, '', '', 0),
(447, 185, 1, 1, '5', 39, 5, '2', '2.50', '5.00', '5.00', 'AGUA SAN CARLOS', 0, 0, 0, 0, 5, 0, 0, 0, 0, '', '', 0),
(448, 185, 1, 1, '112', 2, 10, '0', '10.00', '0.00', '10.00', 'ARROZ CHAUFA REGIONAL', 0, 0, 1, 0, 1, 0, 191, 0, 0, '', '', 0),
(449, 185, 1, 1, '1160', 60, 9, '0', '2.00', '0.00', '0.00', 'ARROZ CON LECHE', 0, 0, 1, 0, 1, 0, 191, 0, 0, '', '', 0),
(450, 186, 1, 1, '5', 39, 5, '2', '2.50', '5.00', '5.00', 'AGUA SAN CARLOS', 0, 0, 0, 0, 5, 0, 0, 0, 0, '', '', 1),
(451, 186, 1, 1, '113', 3, 1, '-1', '15.00', '-15.0', '15.00', 'LOMITO SALTADO', 0, 0, 0, 0, 0, 0, 192, 0, 0, '', '', 1),
(452, 186, 1, 1, '1163', 63, 10, '-1', '10.00', '-10.0', '10.00', 'ASADO DE GALLINA', 0, 0, 0, 0, 0, 0, 192, 0, 0, '', '', 1),
(453, 187, 1, 1, '1', 59, 6, '0', '7.00', '0.00', '7.00', 'CRISTAL 625ML', 0, 0, 1, 0, 0, 0, 194, 0, 0, '', '', 0),
(454, 187, 1, 1, '5', 39, 5, '0', '2.50', '0.00', '5.00', 'AGUA SAN CARLOS', 0, 0, 1, 0, 0, 0, 194, 0, 0, '', '', 0),
(455, 187, 1, 1, '13', 63, 6, '0', '8.00', '0.00', '8.00', 'CORONA EXTRA', 0, 0, 1, 0, 0, 0, 194, 0, 0, '', '', 0),
(456, 187, 1, 1, '1143', 43, 5, '0', '5.00', '0.00', '5.00', '1/2 JARRA GUANABANA', 0, 0, 1, 0, 1, 0, 194, 0, 0, '', '', 0),
(457, 187, 1, 1, '1160', 60, 9, '0', '2.00', '0.00', '2.00', 'ARROZ CON LECHE', 0, 0, 1, 0, 1, 0, 194, 0, 0, '', '', 0),
(458, 187, 2, 1, '1160', 60, 9, '0', '2.00', '0.00', '2.00', 'ARROZ CON LECHE', 0, 0, 1, 0, 1, 0, 194, 0, 0, '', '', 0),
(459, 188, 1, 1, '5', 39, 5, '3', '2.50', '7.50', '7.50', 'AGUA SAN CARLOS', 0, 0, 0, 0, 5, 0, 0, 0, 0, '', '', 1),
(460, 188, 1, 1, '1111', 11, 10, '1', '20.00', '20.00', '20.00', 'ASADO DE MAJAS', 0, 0, 0, 0, 1, 0, 0, 0, 0, '', '', 1),
(461, 188, 1, 1, '1159', 59, 9, '1', '2.00', '0.00', '0.00', 'SOPA DE POLLO', 0, 0, 0, 0, 1, 0, 0, 0, 0, '', '', 1),
(462, 188, 1, 1, '1160', 60, 9, '1', '2.00', '0.00', '0.00', 'ARROZ CON LECHE', 0, 0, 0, 0, 1, 0, 0, 0, 0, '', '', 1),
(463, 188, 1, 1, '1163', 63, 10, '1', '10.00', '10.00', '10.00', 'ASADO DE GALLINA', 0, 0, 0, 0, 1, 0, 0, 0, 0, '', '', 1),
(464, 189, 1, 1, '5', 39, 5, '0', '2.50', '0.00', '5.00', 'AGUA SAN CARLOS', 0, 0, 1, 0, 0, 0, 193, 0, 0, '', '', 0),
(465, 189, 1, 1, '112', 2, 10, '0', '10.00', '0.00', '10.00', 'ARROZ CHAUFA REGIONAL', 0, 0, 1, 0, 1, 0, 193, 0, 0, '', '', 0),
(466, 190, 1, 1, '5', 39, 5, '0', '2.50', '0.00', '2.50', 'AGUA SAN CARLOS', 0, 0, 1, 0, 0, 0, 195, 0, 0, '', '', 0),
(467, 190, 1, 1, '13', 63, 6, '0', '8.00', '0.00', '24.00', 'CORONA EXTRA', 0, 0, 1, 0, 0, 0, 197, 0, 0, '', '', 0),
(468, 190, 1, 1, '112', 2, 10, '0', '10.00', '0.00', '10.00', 'ARROZ CHAUFA REGIONAL', 0, 0, 1, 0, 1, 0, 197, 0, 0, '', '', 0),
(469, 190, 1, 1, '1111', 11, 10, '0', '20.00', '0.00', '20.00', 'ASADO DE MAJAS', 0, 0, 1, 0, 1, 0, 197, 0, 0, '', '', 0),
(470, 190, 1, 1, '1159', 59, 9, '0', '2.00', '0.00', '0.00', 'SOPA DE POLLO', 0, 0, 1, 0, 1, 0, 197, 0, 0, '', '', 0),
(471, 190, 1, 1, '1163', 63, 10, '0', '10.00', '0.00', '10.00', 'ASADO DE GALLINA', 0, 0, 1, 0, 1, 0, 197, 0, 0, '', '', 0),
(472, 191, 1, 1, '116', 6, 10, '0', '10.00', '0.00', '10.00', 'TACACHO CON CECINA', 0, 0, 1, 0, 2, 0, 196, 0, 0, '', '', 0),
(473, 192, 1, 1, '112', 2, 10, '0', '10.00', '0.00', '10.00', 'ARROZ CHAUFA REGIONAL', 0, 0, 1, 0, 1, 0, 198, 0, 0, '', '', 0),
(474, 192, 1, 1, '1111', 11, 10, '0', '20.00', '0.00', '20.00', 'ASADO DE MAJAS', 0, 0, 1, 0, 1, 0, 198, 0, 0, '', '', 0),
(475, 192, 1, 1, '1159', 59, 9, '0', '2.00', '0.00', '0.00', 'SOPA DE POLLO', 0, 0, 1, 0, 1, 0, 198, 0, 0, '', '', 0),
(476, 192, 1, 1, '1160', 60, 9, '0', '2.00', '0.00', '0.00', 'ARROZ CON LECHE', 0, 0, 1, 0, 1, 0, 198, 0, 0, '', '', 0),
(477, 193, 1, 1, '1111', 11, 10, '0', '20.00', '0.00', '20.00', 'ASADO DE MAJAS', 0, 0, 1, 0, 1, 0, 199, 0, 0, '', '', 0),
(478, 193, 1, 1, '1163', 63, 10, '0', '10.00', '0.00', '10.00', 'ASADO DE GALLINA', 0, 0, 1, 0, 1, 0, 199, 0, 0, '', '', 0),
(479, 194, 1, 1, '13', 63, 6, '0', '8.00', '0.00', '8.00', 'CORONA EXTRA', 0, 0, 1, 0, 0, 0, 200, 0, 0, '', '', 0),
(480, 194, 1, 1, '112', 2, 10, '0', '10.00', '0.00', '10.00', 'ARROZ CHAUFA REGIONAL', 0, 0, 1, 0, 1, 0, 200, 0, 0, '', '', 0),
(481, 194, 1, 1, '1158', 58, 4, '0', '4.00', '0.00', '4.00', 'CAFE CON LECHE', 0, 0, 1, 0, 1, 0, 200, 0, 0, '', '', 0),
(482, 195, 1, 1, '112', 2, 10, '0', '10.00', '0.00', '20.00', 'ARROZ CHAUFA REGIONAL', 0, 0, 1, 0, 1, 0, 201, 0, 0, '', '', 0),
(483, 195, 1, 1, '1111', 11, 10, '0', '20.00', '0.00', '20.00', 'ASADO DE MAJAS', 0, 0, 1, 0, 1, 0, 201, 0, 0, '', '', 0),
(484, 196, 1, 1, '112', 2, 10, '0', '10.00', '0.00', '10.00', 'ARROZ CHAUFA REGIONAL', 0, 0, 0, 0, 1, 0, 0, 0, 0, '', '', 1),
(485, 196, 1, 1, '1159', 59, 9, '0', '2.00', '0.00', '0.00', 'SOPA DE POLLO', 0, 0, 1, 0, 1, 0, 203, 0, 0, '', '', 0),
(486, 196, 1, 1, '1163', 63, 10, '0', '10.00', '0.00', '10.00', 'ASADO DE GALLINA', 0, 0, 1, 0, 1, 0, 203, 0, 0, '', '', 0),
(487, 197, 1, 1, '1160', 60, 9, '1', '2.00', '0.00', '0.00', 'ARROZ CON LECHE', 0, 0, 0, 0, 1, 0, 0, 0, 0, '', '', 1),
(488, 197, 1, 1, '1163', 63, 10, '1', '10.00', '10.00', '10.00', 'ASADO DE GALLINA', 0, 0, 0, 0, 1, 0, 0, 0, 0, '', '', 1),
(489, 198, 1, 1, '112', 2, 10, '0', '10.00', '0.00', '10.00', 'ARROZ CHAUFA REGIONAL', 0, 0, 1, 0, 1, 0, 202, 0, 0, '', '', 0),
(490, 198, 1, 1, '1111', 11, 10, '0', '20.00', '0.00', '20.00', 'ASADO DE MAJAS', 0, 0, 1, 0, 1, 0, 202, 0, 0, '', '', 0),
(491, 198, 1, 1, '1160', 60, 9, '0', '2.00', '0.00', '0.00', 'ARROZ CON LECHE', 0, 0, 1, 0, 1, 0, 202, 0, 0, '', '', 0),
(492, 198, 1, 1, '1163', 63, 10, '0', '10.00', '0.00', '10.00', 'ASADO DE GALLINA', 0, 0, 1, 0, 1, 0, 202, 0, 0, '', '', 0),
(493, 199, 1, 1, '1160', 60, 9, '0', '2.00', '0.00', '0.00', 'ARROZ CON LECHE', 0, 0, 1, 0, 1, 0, 203, 0, 0, '', '', 0),
(494, 199, 1, 1, '1163', 63, 10, '0', '10.00', '0.00', '10.00', 'ASADO DE GALLINA', 0, 0, 1, 0, 1, 0, 203, 0, 0, '', '', 0),
(495, 200, 1, 1, '116', 6, 10, '1', '10.00', '10.00', '10.00', 'TACACHO CON CECINA', 0, 0, 0, 0, 2, 0, 0, 0, 0, '', '', 1),
(496, 200, 1, 1, '1111', 11, 10, '1', '20.00', '20.00', '20.00', 'ASADO DE MAJAS', 0, 0, 0, 0, 1, 0, 0, 0, 0, '', '', 1),
(497, 201, 1, 1, '1159', 59, 9, '0', '2.00', '0.00', '2.00', 'SOPA DE POLLO', 0, 0, 1, 0, 1, 0, 204, 0, 0, '', '', 0),
(498, 202, 1, 1, '112', 2, 10, '0', '10.00', '0.00', '10.00', 'ARROZ CHAUFA REGIONAL', 0, 0, 0, 0, 1, 0, 0, 0, 0, '', '', 1),
(499, 202, 1, 1, '1111', 11, 10, '1', '20.00', '20.00', '20.00', 'ASADO DE MAJAS', 0, 0, 0, 0, 1, 0, 0, 0, 0, '', '', 1),
(500, 202, 1, 1, '1160', 60, 9, '1', '2.00', '0.00', '0.00', 'ARROZ CON LECHE', 0, 0, 0, 0, 1, 0, 0, 0, 0, '', '', 1),
(501, 202, 1, 1, '1163', 63, 10, '1', '10.00', '10.00', '10.00', 'ASADO DE GALLINA', 0, 0, 0, 0, 1, 0, 0, 0, 0, '', '', 1),
(502, 203, 1, 1, '112', 2, 10, '1', '10.00', '10.00', '10.00', 'ARROZ CHAUFA REGIONAL', 0, 0, 0, 0, 1, 0, 0, 0, 0, '', '', 1),
(503, 204, 1, 1, '112', 2, 10, '1', '10.00', '10.00', '10.00', 'ARROZ CHAUFA REGIONAL', 0, 0, 0, 0, 1, 0, 0, 0, 0, '', '', 1),
(504, 204, 1, 1, '1163', 63, 10, '1', '10.00', '10.00', '10.00', 'ASADO DE GALLINA', 0, 0, 0, 0, 1, 0, 0, 0, 0, '', '', 1),
(505, 205, 1, 1, '1', 59, 6, '0', '7.00', '0.00', '14.00', 'CRISTAL 625ML', 0, 0, 1, 0, 0, 0, 205, 0, 0, '', '', 0),
(506, 205, 1, 1, '13', 63, 6, '0', '8.00', '0.00', '8.00', 'CORONA EXTRA', 0, 0, 1, 0, 0, 0, 205, 0, 0, '', '', 0),
(507, 206, 1, 1, '1113', 13, 1, '1', '15.00', '15.00', '15.00', 'APANADO DE TRUCHA CON PATACONES', 0, 0, 0, 0, 1, 0, 0, 0, 0, '', '', 1),
(508, 206, 1, 1, '1159', 59, 9, '1', '2.00', '0.00', '0.00', 'SOPA DE POLLO', 0, 0, 0, 0, 1, 0, 0, 0, 0, '', '', 1),
(509, 207, 1, 1, '1160', 60, 9, '1', '2.00', '0.00', '0.00', 'ARROZ CON LECHE', 0, 0, 0, 0, 1, 0, 0, 0, 0, '', '', 1),
(510, 207, 1, 1, '1163', 63, 10, '1', '10.00', '10.00', '10.00', 'ASADO DE GALLINA', 0, 0, 0, 0, 1, 0, 0, 0, 0, '', '', 1),
(511, 208, 1, 1, '1159', 59, 9, '1', '2.00', '0.00', '0.00', 'SOPA DE POLLO', 0, 0, 0, 0, 1, 0, 0, 0, 0, '', '', 1),
(512, 208, 1, 1, '1160', 60, 9, '1', '2.00', '0.00', '0.00', 'ARROZ CON LECHE', 0, 0, 0, 0, 1, 0, 0, 0, 0, '', '', 1),
(513, 208, 1, 1, '1163', 63, 10, '1', '10.00', '10.00', '20.00', 'ASADO DE GALLINA', 0, 0, 0, 0, 1, 0, 0, 0, 0, '', '', 1),
(514, 209, 1, 1, '1158', 58, 4, '1', '4.00', '4.00', '4.00', 'CAFE CON LECHE', 0, 0, 0, 0, 1, 0, 0, 0, 0, '', '', 1),
(515, 209, 1, 1, '1160', 60, 9, '1', '2.00', '2.00', '2.00', 'ARROZ CON LECHE', 0, 0, 0, 0, 1, 0, 0, 0, 0, '', '', 1),
(516, 210, 1, 1, '112', 2, 10, '1', '10.00', '10.00', '10.00', 'ARROZ CHAUFA REGIONAL', 0, 0, 0, 0, 1, 0, 0, 0, 0, '', '', 1),
(517, 210, 1, 1, '1163', 63, 10, '1', '10.00', '10.00', '10.00', 'ASADO DE GALLINA', 0, 0, 0, 0, 1, 0, 0, 0, 0, '', '', 1),
(518, 211, 1, 1, '5', 39, 5, '2', '2.50', '5.00', '5.00', 'AGUA SAN CARLOS', 0, 0, 0, 0, 0, 0, 0, 0, 0, '', '', 1),
(519, 212, 1, 1, '112', 2, 10, '0', '10.00', '0.00', '10.00', 'ARROZ CHAUFA REGIONAL', 0, 0, 0, 0, 1, 0, 0, 0, 0, '', '', 1),
(520, 212, 1, 1, '1159', 59, 9, '1', '2.00', '0.00', '0.00', 'SOPA DE POLLO', 0, 0, 0, 0, 1, 0, 0, 0, 0, '', '', 0),
(521, 212, 1, 1, '1160', 60, 9, '0', '2.00', '0.00', '0.00', 'ARROZ CON LECHE', 0, 0, 1, 0, 1, 0, 206, 0, 0, '', '', 0),
(522, 212, 1, 1, '1163', 63, 10, '0', '10.00', '0.00', '10.00', 'ASADO DE GALLINA', 0, 0, 1, 0, 1, 0, 206, 0, 0, '', '', 0),
(523, 213, 1, 1, '1113', 13, 1, '1', '15.00', '15.00', '15.00', 'APANADO DE TRUCHA CON PATACONES', 0, 0, 0, 0, 1, 0, 0, 0, 0, '', '', 0),
(524, 213, 1, 1, '1160', 60, 9, '0', '2.00', '0.00', '0.00', 'ARROZ CON LECHE', 0, 0, 1, 0, 1, 0, 206, 0, 0, '', '', 0),
(525, 214, 1, 1, '112', 2, 10, '0', '10.00', '0.00', '10.00', 'ARROZ CHAUFA REGIONAL', 0, 0, 1, 0, 1, 0, 206, 0, 0, '', '', 0),
(526, 214, 1, 1, '113', 3, 1, '1', '15.00', '15.00', '15.00', 'LOMITO SALTADO', 0, 0, 0, 0, 1, 0, 0, 0, 0, '', '', 0),
(527, 215, 1, 1, '112', 2, 10, '4', '10.00', '40.00', '40.00', 'ARROZ CHAUFA REGIONAL', 0, 0, 0, 0, 1, 0, 0, 0, 0, '', '', 0),
(528, 215, 1, 1, '1160', 60, 9, '1', '2.00', '2.00', '2.00', 'ARROZ CON LECHE', 0, 0, 0, 0, 1, 0, 0, 0, 0, '', '', 0),
(529, 216, 1, 1, '1159', 59, 9, '2', '2.00', '4.00', '4.00', 'SOPA DE POLLO', 0, 0, 0, 0, 1, 0, 0, 0, 0, '', '', 0);

--
-- Disparadores `pedido_detalle`
--
DROP TRIGGER IF EXISTS `despacho`;
DELIMITER //
CREATE TRIGGER `despacho` AFTER UPDATE ON `pedido_detalle`
 FOR EACH ROW IF(new.despachado=1)then
UPDATE pedido as p
	SET estado=1
WHERE p.idpedido=new.idpedido and NOT exists(
	SELECT pd.despachado
	FROM pedido_detalle AS pd 
		INNER JOIN seccion AS s using(idseccion)
	WHERE pd.idpedido=new.idpedido AND pd.despachado=0);
end if
//
DELIMITER ;
DROP TRIGGER IF EXISTS `stock_en_insert_pedido`;
DELIMITER //
CREATE TRIGGER `stock_en_insert_pedido` AFTER INSERT ON `pedido_detalle`
 FOR EACH ROW if(new.procede_tabla=0)then 
 update producto_stock set stock=stock-new.cantidad where idproducto_stock=new.idcarta_lista;
elseif (new.procede_tabla=1) then
 update carta_lista set cantidad=if(cantidad!='ND',cantidad-new.cantidad,'ND') where idcarta_lista=new.idcarta_lista;
elseif (new.procede_tabla=2) then 
 UPDATE porcion AS p
	LEFT JOIN item_ingrediente AS ii using (idporcion)
 SET p.stock=p.stock - (new.cantidad*(ii.cantidad))
 WHERE ii.iditem=new.iditem;
end if
//
DELIMITER ;
DROP TRIGGER IF EXISTS `stock_en_update_pedido`;
DELIMITER //
CREATE TRIGGER `stock_en_update_pedido` BEFORE UPDATE ON `pedido_detalle`
 FOR EACH ROW begin
if(new.procede_tabla=0 and new.modificado=1)then 
 update producto_stock set stock=stock+1 where idproducto_stock=new.idcarta_lista;
elseif (new.procede_tabla=1 and new.modificado=1) then 
 update carta_lista set cantidad=if(cantidad!='ND',cantidad+1,'ND') where idcarta_lista=new.idcarta_lista; 
elseif (new.procede_tabla=2 and new.modificado=1) then 
 UPDATE porcion AS p
	LEFT JOIN item_ingrediente AS ii using (idporcion)
 SET p.stock=p.stock + ((1)*(ii.cantidad))
 WHERE ii.iditem=new.iditem;  
end if;
set new.modificado=0;
end
//
DELIMITER ;

-- --------------------------------------------------------

--
-- Estructura de tabla para la tabla `pedido_pago`
--

CREATE TABLE IF NOT EXISTS `pedido_pago` (
  `idpedido_pago` int(10) NOT NULL AUTO_INCREMENT,
  `idpedido` int(10) NOT NULL,
  `idtipo_pago` int(10) NOT NULL,
  `importe` varchar(20) NOT NULL,
  `estado` int(1) NOT NULL DEFAULT '0',
  PRIMARY KEY (`idpedido_pago`)
) ENGINE=InnoDB DEFAULT CHARSET=latin1 AUTO_INCREMENT=1 ;

-- --------------------------------------------------------

--
-- Estructura de tabla para la tabla `pedido_subtotales`
--

CREATE TABLE IF NOT EXISTS `pedido_subtotales` (
  `idpedido_subtotales` int(10) NOT NULL AUTO_INCREMENT,
  `idpedido` int(10) NOT NULL,
  `descripcion` varchar(80) NOT NULL,
  `importe` varchar(10) NOT NULL,
  `estado` int(1) NOT NULL DEFAULT '0',
  PRIMARY KEY (`idpedido_subtotales`)
) ENGINE=InnoDB  DEFAULT CHARSET=latin1 AUTO_INCREMENT=224 ;

--
-- Volcado de datos para la tabla `pedido_subtotales`
--

INSERT INTO `pedido_subtotales` (`idpedido_subtotales`, `idpedido`, `descripcion`, `importe`, `estado`) VALUES
(1, 1, 'Total', '20.00', 0),
(2, 2, 'Total', '520.00', 0),
(3, 3, 'Total', '20.00', 0),
(4, 4, 'Total', '0.00', 0),
(5, 5, 'Total', '0.00', 0),
(6, 6, 'Total', '2.00', 0),
(7, 7, 'Total', '15.00', 0),
(8, 8, 'Total', '100.00', 0),
(9, 9, 'Total', '26.00', 0),
(10, 10, 'Total', '20.00', 0),
(11, 11, 'Total', '0.00', 0),
(12, 12, 'Total', '10.00', 0),
(13, 13, 'Total', '100.00', 0),
(14, 14, 'Total', '12.00', 0),
(15, 15, 'Total', '20.00', 0),
(16, 16, 'Total', '20.00', 0),
(17, 16, 'Total', '40.00', 0),
(18, 17, 'Total', '2.00', 0),
(19, 18, 'Total', '30.00', 0),
(20, 18, 'Total', '40.00', 0),
(21, 19, 'Total', '10.00', 0),
(22, 20, 'Total', '45.00', 0),
(23, 20, 'Total', '30.00', 0),
(24, 20, 'Total', '30.00', 0),
(25, 20, 'Total', '30.00', 0),
(26, 20, 'Total', '20.00', 0),
(27, 21, 'Total', '14.00', 0),
(28, 22, 'Total', '50.00', 0),
(29, 23, 'Total', '45.00', 0),
(30, 13, 'Total', '40.00', 0),
(31, 13, 'Total', '40.00', 0),
(32, 24, 'Total', '40.00', 0),
(33, 25, 'Total', '45.00', 0),
(34, 26, 'Total', '26.00', 0),
(35, 27, 'Total', '45.00', 0),
(36, 28, 'Total', '32.00', 0),
(37, 29, 'Total', '45.00', 0),
(38, 30, 'Total', '60.00', 0),
(39, 31, 'Total', '22.00', 0),
(40, 32, 'Total', '15.00', 0),
(41, 33, 'Total', '36.00', 0),
(42, 34, 'Total', '45.00', 0),
(43, 35, 'Total', '37.00', 0),
(44, 36, 'Total', '-13.00', 0),
(45, 36, 'Total', '13.00', 0),
(46, 37, 'Total', '25.00', 0),
(47, 38, 'Total', '10.00', 0),
(48, 39, 'Total', '16.00', 0),
(49, 40, 'Total', '10.00', 0),
(50, 40, 'Total', '15.00', 0),
(51, 41, 'Total', '45.00', 0),
(52, 42, 'Total', '25.00', 0),
(53, 42, 'Total', '15.00', 0),
(54, 43, 'Total', '10.00', 0),
(55, 44, 'Total', '30.00', 0),
(56, 44, 'Total', '15.00', 0),
(57, 45, 'Total', '25.00', 0),
(58, 46, 'Total', '25.00', 0),
(59, 47, 'Total', '45.00', 0),
(60, 47, 'Total', '20.00', 0),
(61, 48, 'Total', '45.00', 0),
(62, 49, 'Total', '20.00', 0),
(63, 50, 'Total', '30.00', 0),
(64, 51, 'Total', '40.00', 0),
(65, 52, 'Total', '12.00', 0),
(66, 53, 'Total', '30.00', 0),
(67, 54, 'Total', '14.00', 0),
(68, 55, 'Total', '48.00', 0),
(69, 56, 'Total', '73.00', 0),
(70, 57, 'Total', '0.00', 0),
(71, 9, 'Total', '-13.00', 0),
(72, 58, 'Total', '40.00', 0),
(73, 59, 'Total', '34.00', 0),
(74, 60, 'Total', '28.00', 0),
(75, 61, 'Total', '24.00', 0),
(76, 61, 'Total', '7.00', 0),
(77, 62, 'Total', '22.00', 0),
(78, 64, 'Total', '123.00', 0),
(79, 66, 'Total', '15.00', 0),
(80, 67, 'Total', '15.00', 0),
(81, 68, 'Total', '8.00', 0),
(82, 69, 'Total', '6.00', 0),
(83, 70, 'Total', '4.00', 0),
(84, 71, 'Total', '2.00', 0),
(85, 72, 'Total', '2.00', 0),
(86, 73, 'Total', '2.00', 0),
(87, 74, 'Total', '2.00', 0),
(88, 75, 'Total', '2.00', 0),
(89, 76, 'Total', '2.00', 0),
(90, 77, 'Total', '2.00', 0),
(91, 78, 'Total', '2.00', 0),
(92, 79, 'Total', '2.00', 0),
(93, 80, 'Total', '2.00', 0),
(94, 81, 'Total', '8.00', 0),
(95, 82, 'Total', '6.00', 0),
(96, 83, 'Total', '4.00', 0),
(97, 84, 'Total', '2.00', 0),
(98, 85, 'Total', '2.00', 0),
(99, 86, 'Total', '2.00', 0),
(100, 87, 'Total', '2.00', 0),
(101, 88, 'Total', '2.00', 0),
(102, 89, 'Total', '2.00', 0),
(103, 90, 'Total', '4.00', 0),
(104, 91, 'Total', '4.00', 0),
(105, 92, 'Total', '4.00', 0),
(106, 93, 'Total', '20.00', 0),
(107, 94, 'Total', '25.00', 0),
(108, 95, 'Total', '16.00', 0),
(109, 96, 'Total', '20.00', 0),
(110, 97, 'Total', '40.00', 0),
(111, 98, 'Total', '42.00', 0),
(112, 99, 'Total', '30.00', 0),
(113, 100, 'Total', '45.00', 0),
(114, 101, 'Total', '30.00', 0),
(115, 102, 'Total', '39.00', 0),
(116, 103, 'Total', '276.00', 0),
(117, 104, 'Total', '34.00', 0),
(118, 105, 'Total', '75.00', 0),
(119, 106, 'Total', '63.00', 0),
(120, 107, 'Total', '12.00', 0),
(121, 108, 'Total', '58.00', 0),
(122, 109, 'Total', '81.00', 0),
(123, 110, 'Total', '54.00', 0),
(124, 111, 'Total', '57.00', 0),
(125, 112, 'Total', '79.00', 0),
(126, 113, 'Total', '47.00', 0),
(127, 114, 'Total', '60.00', 0),
(128, 115, 'Sub Total', '81.00', 0),
(129, 115, 'Taper', '1.00', 0),
(130, 115, 'Total', '82.00', 0),
(131, 116, 'Total', '15.00', 0),
(132, 117, 'Total', '17.00', 0),
(133, 118, 'Total', '22.00', 0),
(134, 119, 'Total', '12.00', 0),
(135, 120, 'Total', '20.00', 0),
(136, 122, 'Total', '32.00', 0),
(137, 123, 'Total', '36.00', 0),
(138, 124, 'Total', '10.00', 0),
(139, 125, 'Total', '12.00', 0),
(140, 126, 'Total', '17.00', 0),
(141, 127, 'Total', '15.00', 0),
(142, 128, 'Total', '29.00', 0),
(143, 129, 'Total', '40.00', 0),
(144, 130, 'Total', '43.00', 0),
(145, 131, 'Total', '60.00', 0),
(146, 132, 'Total', '10.00', 0),
(147, 133, 'Total', '12.00', 0),
(148, 134, 'Total', '30.00', 0),
(149, 135, 'Total', '30.00', 0),
(150, 136, 'Total', '30.00', 0),
(151, 143, 'Total', '12.00', 0),
(152, 144, 'Total', '12.00', 0),
(153, 145, 'Total', '40.00', 0),
(154, 146, 'Total', '45.00', 0),
(155, 148, 'Total', '10.00', 0),
(156, 149, 'Total', '10.00', 0),
(157, 150, 'Total', '10.00', 0),
(158, 151, 'Total', '10.00', 0),
(159, 152, 'Total', '10.00', 0),
(160, 153, 'Total', '10.00', 0),
(161, 154, 'Total', '10.00', 0),
(162, 155, 'Total', '10.00', 0),
(163, 156, 'Total', '10.00', 0),
(164, 157, 'Total', '10.00', 0),
(165, 158, 'Total', '10.00', 0),
(166, 159, 'Total', '4.00', 0),
(167, 160, 'Total', '10.00', 0),
(168, 161, 'Total', '20.00', 0),
(169, 162, 'Total', '10.00', 0),
(170, 163, 'Total', '10.00', 0),
(171, 164, 'Total', '10.00', 0),
(172, 165, 'Total', '10.00', 0),
(173, 166, 'Total', '10.00', 0),
(174, 167, 'Total', '10.00', 0),
(175, 168, 'Total', '10.00', 0),
(176, 169, 'Total', '4.00', 0),
(177, 170, 'Total', '4.00', 0),
(178, 171, 'Total', '10.00', 0),
(179, 172, 'Total', '10.00', 0),
(180, 173, 'Total', '14.00', 0),
(181, 174, 'Total', '10.00', 0),
(182, 175, 'Total', '10.00', 0),
(183, 176, 'Total', '10.00', 0),
(184, 177, 'Total', '10.00', 0),
(185, 178, 'Total', '10.00', 0),
(186, 179, 'Total', '50.00', 0),
(187, 180, 'Total', '4.00', 0),
(188, 181, 'Total', '14.00', 0),
(189, 182, 'Total', '38.00', 0),
(190, 183, 'Total', '32.00', 0),
(191, 184, 'Total', '61.00', 0),
(192, 185, 'Total', '15.00', 0),
(193, 186, 'Total', '30.00', 0),
(194, 187, 'Total', '29.00', 0),
(195, 188, 'Total', '37.50', 0),
(196, 189, 'Total', '15.00', 0),
(197, 190, 'Total', '66.50', 0),
(198, 191, 'Total', '10.00', 0),
(199, 192, 'Total', '30.00', 0),
(200, 193, 'Total', '30.00', 0),
(201, 194, 'Total', '22.00', 0),
(202, 195, 'Total', '40.00', 0),
(203, 196, 'Total', '10.00', 0),
(204, 197, 'Total', '10.00', 0),
(205, 198, 'Total', '40.00', 0),
(206, 199, 'Total', '10.00', 0),
(207, 200, 'Total', '30.00', 0),
(208, 201, 'Total', '2.00', 0),
(209, 202, 'Total', '30.00', 0),
(210, 203, 'Total', '10.00', 0),
(211, 204, 'Total', '20.00', 0),
(212, 205, 'Total', '15.00', 0),
(213, 206, 'Total', '15.00', 0),
(214, 207, 'Total', '10.00', 0),
(215, 208, 'Total', '10.00', 0),
(216, 209, 'Total', '6.00', 0),
(217, 210, 'Total', '20.00', 0),
(218, 211, 'Total', '5.00', 0),
(219, 212, 'Total', '10.00', 0),
(220, 213, 'Total', '15.00', 0),
(221, 214, 'Total', '25.00', 0),
(222, 215, 'Total', '42.00', 0),
(223, 216, 'Total', '4.00', 0);

-- --------------------------------------------------------

--
-- Estructura de tabla para la tabla `porcion`
--

CREATE TABLE IF NOT EXISTS `porcion` (
  `idporcion` int(10) NOT NULL AUTO_INCREMENT,
  `idorg` int(10) NOT NULL,
  `idsede` int(10) NOT NULL,
  `idproducto_de` int(10) NOT NULL COMMENT 'deriva. de que producto se porciona',
  `descripcion` varchar(180) NOT NULL,
  `peso` varchar(10) NOT NULL COMMENT 'para calcular el costo',
  `stock` varchar(10) NOT NULL,
  `estado` int(1) NOT NULL DEFAULT '0',
  PRIMARY KEY (`idporcion`)
) ENGINE=InnoDB  DEFAULT CHARSET=latin1 AUTO_INCREMENT=7 ;

--
-- Volcado de datos para la tabla `porcion`
--

INSERT INTO `porcion` (`idporcion`, `idorg`, `idsede`, `idproducto_de`, `descripcion`, `peso`, `stock`, `estado`) VALUES
(1, 1, 1, 77, 'MAJAS 120GR', '125', '10', 0),
(2, 1, 1, 8, 'CECINA 100GR', '100', '8', 0),
(3, 1, 1, 9, 'CHORIZO 34GR', '40', '2', 0),
(4, 1, 1, 10, 'UN HUEVO', '1', '25', 0),
(5, 1, 1, 8, 'CECINA 200GR', '200', '5', 1),
(6, 1, 1, 87, 'GALLINA 200GR', '250', '0', 0);

-- --------------------------------------------------------

--
-- Estructura de tabla para la tabla `producto`
--

CREATE TABLE IF NOT EXISTS `producto` (
  `idproducto` int(10) NOT NULL AUTO_INCREMENT,
  `idorg` int(10) NOT NULL,
  `idsede` int(10) NOT NULL,
  `descripcion` varchar(150) NOT NULL,
  `codigo_barra` varchar(255) NOT NULL,
  `precio` varchar(10) NOT NULL COMMENT 'precio total de compra',
  `precio_unitario` varchar(25) NOT NULL COMMENT 'precio unitario del producto',
  `precio_venta` varchar(10) NOT NULL,
  `idproducto_familia` int(10) NOT NULL,
  `stock_minimo` varchar(10) NOT NULL,
  `stock` int(11) NOT NULL,
  `enlazar` int(1) NOT NULL DEFAULT '0' COMMENT 'enlaza con la porcion al momento de la compra ej: huevos',
  `estado` int(1) NOT NULL DEFAULT '0',
  PRIMARY KEY (`idproducto`)
) ENGINE=InnoDB  DEFAULT CHARSET=latin1 AUTO_INCREMENT=88 ;

--
-- Volcado de datos para la tabla `producto`
--

INSERT INTO `producto` (`idproducto`, `idorg`, `idsede`, `descripcion`, `codigo_barra`, `precio`, `precio_unitario`, `precio_venta`, `idproducto_familia`, `stock_minimo`, `stock`, `enlazar`, `estado`) VALUES
(1, 1, 1, 'COCONA', '', '5.00', '0.005', '0.00', 1, '', 310, 0, 0),
(2, 1, 1, 'MARACUYA', '', '5.00', '0.005', '', 1, '', 100, 0, 0),
(3, 1, 1, 'MANGO', '', '3.00', '0.003', '', 1, '', 100, 0, 0),
(4, 1, 1, 'PAICHE', '', '3.00', '0.029523333333333332', '0.00', 2, '', 100, 0, 0),
(5, 1, 1, 'TOYO', '', '20.00', '0.02', '', 2, '', 100, 0, 0),
(6, 1, 1, 'LOMITO', '', '3.00', '0.02', '', 2, '', 100, 0, 0),
(7, 1, 1, 'PECHUGA', '', '32.00', '0.016', '', 2, '', 100, 0, 0),
(8, 1, 1, 'CECINA', '', '34.00', '0.034', '', 2, '', 100, 0, 0),
(9, 1, 1, 'CHORIZO', '', '34.00', '0.034', '', 2, '', 100, 0, 0),
(10, 1, 1, 'HUEVOS', '', '3.70', '0.21666666666666667', '0.00', 3, '', 100, 1, 0),
(11, 1, 1, 'TRAVESURAS', '7622300788636', '14.50', '1.1533333333333333', '2.00', 4, '5', 100, 0, 0),
(12, 1, 1, 'CUA CUA MINIS', '7750168001533', '4.50', '0.9', '2.00', 4, '5', 100, 0, 0),
(13, 1, 1, 'MINI RITS', '7750168147378', '8.50', '1.0633333333333332', '2.00', 4, '5', 100, 0, 0),
(14, 1, 1, 'RITS', '7622300212230', '10.50', '0.875', '2.00', 4, '5', 100, 0, 0),
(15, 1, 1, 'KITKAT', '7613035509726', '18.00', '2', '3.00', 4, '5', 100, 0, 0),
(16, 1, 1, 'JET', '7613035340992', '2.50', '0.417', '1.00', 4, '5', 100, 0, 0),
(17, 1, 1, 'HONY BRAN', '7622300117207', '2.50', '0.4166666666666667', '1.00', 4, '2', 100, 0, 0),
(18, 1, 1, 'CLUB SOCIAL ORIGINAL', '7590011205158', '1.60', '0.39999999999999997', '1.00', 4, '2', 100, 0, 0),
(19, 1, 1, 'CLUB SOCIAL QUESO', '7622300258061', '1.60', '0.39999999999999997', '1.00', 4, '2', 100, 0, 0),
(20, 1, 1, 'CLUB SOCIAL MANTEQUILLA', '7622300758943', '1.60', '0.39999999999999997', '1.00', 4, '2', 100, 0, 0),
(21, 1, 1, 'CHOCO SODA', '7622210675569', '9.50', '0.5588888888888889', '1.00', 4, '5', 100, 0, 0),
(22, 1, 1, 'OREO ORIGINAL', '7590011251100', '2.20', '0.5499999999999999', '1.00', 4, '5', 100, 0, 0),
(23, 1, 1, 'OREO VAINILLA', '7622210110244', '2.70', '0.54', '1.00', 4, '5', 100, 0, 0),
(24, 1, 1, 'DONA PEPA', '7622300095888', '5.50', '0.5', '1', 4, '5', 100, 0, 0),
(25, 1, 1, 'CHICLE TRIDENT MORA', '7702133862816', '9.00', '0.692', '1.00', 4, '0', 100, 0, 0),
(26, 1, 1, 'NACHO PICANTE', '7751302000283', '8.00', '0.216', '1.00', 4, '0', 100, 0, 0),
(27, 1, 1, 'PAPI RICAS PICANTE', '7750670002592', '9.00', '0.209', '1.00', 4, '0', 100, 0, 0),
(28, 1, 1, 'PAPI RICAS MIX', '7751302000085', '15.00', '0.366', '1.00', 4, '0', 100, 0, 0),
(29, 1, 1, 'SPORADE MANDARINA', '7750670010221', '86.50', '1.663', '2.50', 5, '5', 100, 0, 0),
(30, 1, 1, 'SPORADE BLUEBERRY', '7750670004329', '86.50', '1.73', '2.50', 5, '5', 100, 0, 0),
(31, 1, 1, 'SPORADE TROPICAL', '7750670010238', '59.80', '1.661', '2.50', 5, '5', 100, 0, 0),
(32, 1, 1, 'AGUA CIELO LIFE', '7750670011846', '48.00', '0.9133333333333333', '2.00', 5, '5', 100, 0, 0),
(33, 1, 1, 'ORO 1.7LT', '7750670000185', '2.50', '2.5', '8.00', 5, '5', 100, 0, 0),
(34, 1, 1, 'COCA COLA 1.5LT', '7750182155663', '14.00', '4.5', '8.00', 5, '5', 100, 0, 0),
(35, 1, 1, 'INCA COLA 1.5LT', '7750236330169', '4.50', '4.5', '8.00', 5, '5', 100, 0, 0),
(36, 1, 1, 'VOLT VERDE', '7750670012034', '22.00', '1.833', '4.00', 5, '5', 100, 0, 0),
(37, 1, 1, 'VOLT YELLOW', '7750670012294', '20.00', '1.818', '4.00', 5, '5', 100, 0, 0),
(38, 1, 1, 'PULP DURAZNO', '7750670011839', '64.50', '1.173', '2.00', 5, '5', 100, 0, 0),
(39, 1, 1, 'AGUA SAN CARLOS', '7751580001118', '10.50', '0.8666666666666667', '2.50', 5, '5', 100, 0, 0),
(40, 1, 1, 'COCA COLA 500ML', '7750182155656', '15.00', '1.6666666666666667', '3.00', 5, '5', 100, 0, 0),
(41, 1, 1, 'INCA COLA 500ML', '7750236173896', '18.50', '1.6666666666666667', '3.00', 5, '5', 100, 0, 0),
(42, 1, 1, 'TRES CRUZCES', '7750670012102', '32.00', '2', '5.00', 6, '5', 100, 0, 0),
(43, 1, 1, 'TOMATE', '', '6.00', '0.003', '0.00', 7, '', 100, 0, 0),
(44, 1, 1, 'CEBOLLA', '', '5.00', '0.0025', '', 7, '', 100, 0, 0),
(45, 1, 1, 'ACEITE CHEF', '', '11.00', '5.5', '', 3, '', 100, 0, 0),
(46, 1, 1, 'GUANABANA', '', '15.00', '0.005', '', 1, '', 100, 0, 0),
(47, 1, 1, 'LIMON', '', '2.50', '0.0025', '', 7, '', 100, 0, 0),
(48, 1, 1, 'PLATANO', '', '13.00', '13', '', 7, '', 100, 0, 0),
(49, 1, 1, 'SUBLIME DUO', '', '4.00', '1', '2', 4, '', 100, 0, 0),
(50, 1, 1, 'PINCESA', '7613032019457', '3.00', '1', '2', 4, '', 100, 0, 0),
(51, 1, 1, 'TRIANGULO', '', '3.00', '1.5', '2', 4, '', 100, 0, 0),
(52, 1, 1, 'CHICLES ADAMS', '', '9.20', '0.092', '0.25', 8, '100', 100, 0, 0),
(53, 1, 1, 'CUA CUA WAFER', '', '4.47', '0.49666666666666665', '1.00', 8, '9', 100, 0, 0),
(54, 1, 1, 'OREO CHOCOLATE', '', '2.44', '0.4066666666666667', '1.00', 4, '6', 100, 0, 0),
(55, 1, 1, 'OREO CREAM', '', '2.44', '0.4066666666666667', '1.00', 4, '6', 100, 0, 0),
(56, 1, 1, 'CFRUT FRUIT', '', '15.00', '7.5', '6.00', 5, '2', 100, 0, 0),
(57, 1, 1, 'FANTA 500ML', '7750182220378', '20.00', '1.6666666666666667', '3.00', 5, '5', 100, 0, 0),
(58, 1, 1, 'CUSQUE츾ㄸ NEGRA', '', '30.00', '4.5', '7', 6, '', 100, 0, 0),
(59, 1, 1, 'CRISTAL 625ML', '', '180.00', '3.75', '7', 6, '', 100, 0, 0),
(60, 1, 1, 'PILSEN 625ML', '', '47.00', '3.9166666666666665', '', 6, '', 100, 0, 0),
(61, 1, 1, 'PILSEN 625ML', '', '47.00', '3.9166666666666665', '7', 6, '', 100, 0, 0),
(62, 1, 1, 'CUSQUE츾ㄸ TRIGO', '', '54.00', '4.5', '7', 6, '', 100, 0, 0),
(63, 1, 1, 'CORONA EXTRA', '75032715', '150.00', '6.25', '8.00', 6, '5', 96, 0, 0),
(64, 1, 1, 'GUARANA LATA', '', '15.30', '1.2750000000000001', '2.5', 5, '', 100, 0, 0),
(65, 1, 1, 'MALTIN POWER LATA', '', '10.00', '0.8333333333333334', '2.5', 5, '', 100, 0, 0),
(66, 1, 1, 'COSTILLAS DE CHACHO', '', '65.00', '0.01711', '', 2, '', 100, 0, 0),
(67, 1, 1, 'POLLO PARRILERO', '', '26.00', '13', '', 2, '', 100, 0, 0),
(68, 1, 1, 'ACEITE DE AJONLI', '', '4.00', '4', '', 3, '', 100, 0, 0),
(69, 1, 1, 'MANTECA', '', '6.00', '6', '', 3, '', 100, 0, 0),
(70, 1, 1, 'SILLAO', '', '6.00', '3', '', 3, '', 100, 0, 0),
(71, 1, 1, 'SAL 1KG', '', '6.00', '3', '', 3, '', 100, 0, 0),
(72, 1, 1, 'LAVA', '', '12.00', '6', '', 3, '', 100, 0, 0),
(73, 1, 1, 'PI츾ㄸ', '', '5.00', '1', '', 1, '', 100, 0, 0),
(74, 1, 1, 'PAPEL HIGIENICO', '', '9.00', '0.375', '1.5', 3, '5', 100, 0, 0),
(75, 1, 1, 'JABON PROTEX', '', '15.00', '1.25', '2', 3, '', 100, 0, 0),
(76, 1, 1, 'CIGARRO LUCKY', '', '13.00', '0.65', '1', 3, '', 100, 0, 0),
(77, 1, 1, 'MAJAS', '', '20.00', '0.02', '', 2, '', 100, 0, 0),
(78, 1, 1, 'CRISTAL AAA', '', '25.00', '2.5', '5', 6, '', 10, 0, 0),
(79, 1, 1, 'JUANE', '', '210.00', '7', '0.00', 9, '', 0, 0, 0),
(80, 1, 1, 'ACEITE IDEAL', '', '30.00', '6', '', 3, '', 0, 0, 0),
(81, 1, 1, 'FOSFORO XPOWER', 'OTROS', '2.00', '0.2', '1.00', 10, '2', 0, 0, 0),
(82, 1, 1, 'GASEOSA AAA', '', '11.00', '1.1', '2.00', 5, '5', 0, 0, 0),
(83, 1, 1, 'GASEOSA BBB', '', '22.00', '1.1', '2.00', 5, '5', 0, 0, 0),
(84, 1, 1, 'GASEOSA CCC', '', '22.00', '1.1', '2.00', 5, '5', 0, 0, 0),
(85, 1, 1, 'GASEOSA DDD', '', '11.00', '1.1', '2', 5, '5', 0, 0, 0),
(86, 0, 0, '', '', '', '', '', 0, '', 0, 0, 0),
(87, 1, 1, 'GALLINA', '', '65.00', '0.013', '', 2, '', 0, 0, 0);

-- --------------------------------------------------------

--
-- Estructura de tabla para la tabla `producto_familia`
--

CREATE TABLE IF NOT EXISTS `producto_familia` (
  `idproducto_familia` int(10) NOT NULL AUTO_INCREMENT,
  `idorg` int(10) NOT NULL,
  `idsede` int(10) NOT NULL,
  `descripcion` varchar(80) NOT NULL,
  `idimpresora` int(10) NOT NULL,
  `estado` int(1) NOT NULL DEFAULT '0',
  PRIMARY KEY (`idproducto_familia`)
) ENGINE=InnoDB  DEFAULT CHARSET=latin1 AUTO_INCREMENT=11 ;

--
-- Volcado de datos para la tabla `producto_familia`
--

INSERT INTO `producto_familia` (`idproducto_familia`, `idorg`, `idsede`, `descripcion`, `idimpresora`, `estado`) VALUES
(1, 1, 1, 'FRUTAS', 0, 0),
(2, 1, 1, 'CARNES', 0, 0),
(3, 1, 1, 'ABARROTES', 0, 0),
(4, 1, 1, 'GOLOSINAS', 0, 0),
(5, 1, 1, 'GASEOSAS', 21, 0),
(6, 1, 1, 'CERVEZAS', 21, 0),
(7, 1, 1, 'VERDURAS', 0, 0),
(8, 1, 1, 'RANEVAS', 0, 0),
(9, 1, 1, 'PREPARADOS', 0, 0),
(10, 1, 1, 'OTROS', 0, 0);

-- --------------------------------------------------------

--
-- Estructura de tabla para la tabla `producto_historial_precio`
--

CREATE TABLE IF NOT EXISTS `producto_historial_precio` (
  `idproducto_historial_precio` int(10) NOT NULL AUTO_INCREMENT,
  `idorg` int(10) NOT NULL,
  `idsede` int(10) NOT NULL,
  `idproducto` int(10) NOT NULL,
  `fecha` varchar(35) NOT NULL,
  `precio` varchar(10) NOT NULL,
  `idproveedor` int(10) NOT NULL,
  `estado` int(1) NOT NULL DEFAULT '0',
  PRIMARY KEY (`idproducto_historial_precio`)
) ENGINE=InnoDB  DEFAULT CHARSET=latin1 AUTO_INCREMENT=138 ;

--
-- Volcado de datos para la tabla `producto_historial_precio`
--

INSERT INTO `producto_historial_precio` (`idproducto_historial_precio`, `idorg`, `idsede`, `idproducto`, `fecha`, `precio`, `idproveedor`, `estado`) VALUES
(1, 1, 1, 10, '30/01/2017', '0.21764705', 1, 0),
(2, 1, 1, 9, '30/01/2017', '0.034', 1, 0),
(3, 1, 1, 8, '30/01/2017', '0.034', 1, 0),
(4, 1, 1, 7, '30/01/2017', '0.016', 1, 0),
(5, 1, 1, 6, '30/01/2017', '0.015', 1, 0),
(6, 1, 1, 5, '30/01/2017', '0.02', 1, 0),
(7, 1, 1, 4, '30/01/2017', '0.015', 1, 0),
(8, 1, 1, 3, '30/01/2017', '0.003', 1, 0),
(9, 1, 1, 2, '30/01/2017', '0.005', 1, 0),
(10, 1, 1, 1, '30/01/2017', '0.005', 1, 0),
(11, 1, 1, 48, '31/01/2017', '13', 2, 0),
(12, 1, 1, 47, '31/01/2017', '0.0025', 2, 0),
(13, 1, 1, 46, '31/01/2017', '0.005', 2, 0),
(14, 1, 1, 45, '31/01/2017', '5.5', 2, 0),
(15, 1, 1, 44, '31/01/2017', '0.0025', 2, 0),
(16, 1, 1, 43, '31/01/2017', '0.003', 2, 0),
(17, 1, 1, 4, '31/01/2017', '0.02952380', 2, 0),
(18, 1, 1, 6, '31/01/2017', '0.02', 2, 0),
(19, 1, 1, 51, '31/01/2017', '1.5', 3, 0),
(20, 1, 1, 50, '31/01/2017', '1', 3, 0),
(21, 1, 1, 49, '31/01/2017', '1', 3, 0),
(22, 1, 1, 45, '01/02/2017', '5.5', 4, 0),
(23, 1, 1, 44, '01/02/2017', '0.0025', 4, 0),
(24, 1, 1, 43, '01/02/2017', '0.003', 4, 0),
(25, 1, 1, 7, '01/02/2017', '0.016', 4, 0),
(26, 1, 1, 6, '01/02/2017', '0.02', 4, 0),
(27, 1, 1, 8, '01/02/2017', '0.034', 4, 0),
(28, 1, 1, 10, '01/02/2017', '0.21666666', 5, 0),
(29, 1, 1, 55, '02/02/2017', '0.40666666', 7, 0),
(30, 1, 1, 54, '02/02/2017', '0.40666666', 7, 0),
(31, 1, 1, 22, '02/02/2017', '0.54999999', 7, 0),
(32, 1, 1, 53, '02/02/2017', '0.49666666', 7, 0),
(33, 1, 1, 18, '02/02/2017', '0.39999999', 7, 0),
(34, 1, 1, 52, '02/02/2017', '0.092', 7, 0),
(35, 1, 1, 56, '03/02/2017', '7.5', 8, 0),
(36, 1, 1, 42, '03/02/2017', '2', 8, 0),
(37, 1, 1, 33, '03/02/2017', '2.5', 8, 0),
(38, 1, 1, 42, '03/02/2017', '2', 9, 0),
(39, 1, 1, 33, '03/02/2017', '2.5', 9, 0),
(40, 1, 1, 57, '04/02/2017', '1.66666666', 10, 0),
(41, 1, 1, 34, '04/02/2017', '4.5', 10, 0),
(42, 1, 1, 35, '04/02/2017', '4.5', 10, 0),
(43, 1, 1, 40, '04/02/2017', '1.66666666', 10, 0),
(44, 1, 1, 41, '04/02/2017', '1.66666666', 10, 0),
(45, 1, 1, 5, '05/02/2017', '0.02', 11, 0),
(46, 1, 1, 9, '05/02/2017', '0.034', 11, 0),
(47, 1, 1, 8, '05/02/2017', '0.034', 11, 0),
(48, 1, 1, 58, '05/02/2017', '3.33333333', 12, 0),
(49, 1, 1, 6, '07/02/2017', '0.02', 14, 0),
(50, 1, 1, 9, '07/02/2017', '0.034', 14, 0),
(51, 1, 1, 8, '07/02/2017', '0.034', 14, 0),
(52, 1, 1, 9, '10/02/2017', '0.034', 15, 0),
(53, 1, 1, 8, '10/02/2017', '0.034', 15, 0),
(54, 1, 1, 65, '11/02/2017', '0.83333333', 16, 0),
(55, 1, 1, 64, '11/02/2017', '1.27500000', 16, 0),
(56, 1, 1, 63, '11/02/2017', '4', 16, 0),
(57, 1, 1, 62, '11/02/2017', '4.5', 16, 0),
(58, 1, 1, 58, '11/02/2017', '4.5', 16, 0),
(59, 1, 1, 61, '11/02/2017', '3.91666666', 16, 0),
(60, 1, 1, 59, '11/02/2017', '3.75', 16, 0),
(61, 1, 1, 67, '11/02/2017', '13', 17, 0),
(62, 1, 1, 66, '11/02/2017', '0.01710526', 17, 0),
(63, 1, 1, 35, '12/02/2017', '4.5', 18, 0),
(64, 1, 1, 34, '12/02/2017', '4.5', 18, 0),
(65, 1, 1, 39, '12/02/2017', '0.86666666', 18, 0),
(66, 1, 1, 57, '12/02/2017', '1.66666666', 18, 0),
(67, 1, 1, 41, '12/02/2017', '1.66666666', 18, 0),
(68, 1, 1, 40, '12/02/2017', '1.66666666', 18, 0),
(69, 1, 1, 5, '12/02/2017', '0.02', 19, 0),
(70, 1, 1, 4, '12/02/2017', '0.02952333', 19, 0),
(71, 1, 1, 9, '12/02/2017', '0.034', 19, 0),
(72, 1, 1, 8, '12/02/2017', '0.034', 19, 0),
(73, 1, 1, 6, '13/02/2017', '0.02', 20, 0),
(74, 1, 1, 75, '14/02/2017', '1.25', 21, 0),
(75, 1, 1, 74, '14/02/2017', '0.375', 21, 0),
(76, 1, 1, 7, '15/02/2017', '0.016', 22, 0),
(77, 1, 1, 9, '15/02/2017', '0.034', 22, 0),
(78, 1, 1, 8, '15/02/2017', '0.034', 22, 0),
(79, 1, 1, 5, '16/02/2017', '0.02', 23, 0),
(80, 1, 1, 6, '16/02/2017', '0.02', 23, 0),
(81, 1, 1, 9, '16/02/2017', '0.034', 23, 0),
(82, 1, 1, 8, '16/02/2017', '0.034', 23, 0),
(83, 1, 1, 10, '16/02/2017', '0.21666666', 24, 0),
(84, 1, 1, 11, '16/02/2017', '1.15384615', 25, 0),
(85, 1, 1, 14, '16/02/2017', '0.875', 26, 0),
(86, 1, 1, 52, '16/02/2017', '0.092', 26, 0),
(87, 1, 1, 22, '16/02/2017', '0.54999999', 26, 0),
(88, 1, 1, 22, '16/02/2017', '0.54999999', 26, 0),
(89, 1, 1, 54, '16/02/2017', '0.40666666', 26, 0),
(90, 1, 1, 55, '16/02/2017', '0.40666666', 26, 0),
(91, 1, 1, 17, '16/02/2017', '0.41666666', 26, 0),
(92, 1, 1, 21, '16/02/2017', '0.55888888', 26, 0),
(93, 1, 1, 24, '16/02/2017', '0.5', 26, 0),
(94, 1, 1, 20, '16/02/2017', '0.39999999', 26, 0),
(95, 1, 1, 19, '16/02/2017', '0.39999999', 26, 0),
(96, 1, 1, 18, '16/02/2017', '0.39999999', 26, 0),
(97, 1, 1, 13, '16/02/2017', '1.06333333', 26, 0),
(98, 1, 1, 11, '16/02/2017', '1.15333333', 26, 0),
(99, 1, 1, 42, '17/02/2017', '2', 27, 0),
(100, 1, 1, 33, '17/02/2017', '2.5', 27, 0),
(101, 1, 1, 32, '17/02/2017', '0.91333333', 27, 0),
(102, 1, 1, 42, '17/02/2017', '2', 28, 0),
(103, 1, 1, 33, '17/02/2017', '2.5', 28, 0),
(104, 1, 1, 32, '17/02/2017', '0.91333333', 28, 0),
(105, 1, 1, 34, '17/02/2017', '4.5', 29, 0),
(106, 1, 1, 57, '17/02/2017', '1.66666666', 29, 0),
(107, 1, 1, 41, '17/02/2017', '1.66666666', 29, 0),
(108, 1, 1, 40, '17/02/2017', '1.66666666', 29, 0),
(109, 1, 1, 9, '17/02/2017', '0.034', 30, 0),
(110, 1, 1, 8, '17/02/2017', '0.034', 30, 0),
(111, 1, 1, 76, '17/02/2017', '0.65', 31, 0),
(112, 1, 1, 66, '18/02/2017', '0.01711', 33, 0),
(113, 1, 1, 67, '18/02/2017', '13', 33, 0),
(114, 1, 1, 8, '18/02/2017', '0.034', 33, 0),
(115, 1, 1, 34, '18/02/2017', '4.5', 35, 0),
(116, 1, 1, 7, '19/02/2017', '0.016', 36, 0),
(117, 1, 1, 6, '19/02/2017', '0.02', 36, 0),
(118, 1, 1, 9, '19/02/2017', '0.034', 36, 0),
(119, 1, 1, 8, '19/02/2017', '0.034', 36, 0),
(120, 1, 1, 77, '02/03/2017', '0.02', 38, 0),
(121, 1, 1, 77, '02/03/2017', '0.02', 39, 0),
(122, 1, 1, 9, '02/03/2017', '0.034', 40, 0),
(123, 1, 1, 8, '02/03/2017', '0.034', 40, 0),
(124, 1, 1, 10, '02/03/2017', '0.21666666', 41, 0),
(125, 1, 1, 34, '09/05/2017', '4.5', 42, 0),
(126, 1, 1, 35, '09/05/2017', '4.5', 43, 0),
(127, 1, 1, 59, '13/05/2017', '3.75', 45, 0),
(128, 1, 1, 78, '13/05/2017', '2.5', 46, 0),
(129, 1, 1, 59, '13/05/2017', '3.75', 47, 0),
(130, 1, 1, 59, '13/05/2017', '3.75', 50, 0),
(131, 1, 1, 8, '17/05/2017', '0.034', 51, 0),
(132, 1, 1, 79, '17/05/2017', '7', 52, 0),
(133, 1, 1, 8, '17/05/2017', '0.034', 53, 0),
(134, 1, 1, 39, '17/05/2017', '0.86666666', 54, 0),
(135, 1, 1, 39, '17/05/2017', '0.86666666', 55, 0),
(136, 1, 1, 80, '17/05/2017', '6', 56, 0),
(137, 1, 1, 87, '15/06/2017', '0.013', 57, 0);

-- --------------------------------------------------------

--
-- Estructura de tabla para la tabla `producto_stock`
--

CREATE TABLE IF NOT EXISTS `producto_stock` (
  `idproducto` int(10) NOT NULL,
  `idalmacen` int(10) NOT NULL,
  `stock` int(10) NOT NULL,
  `estado` int(1) NOT NULL DEFAULT '0',
  `idproducto_stock` int(10) NOT NULL AUTO_INCREMENT,
  PRIMARY KEY (`idproducto_stock`)
) ENGINE=InnoDB  DEFAULT CHARSET=latin1 AUTO_INCREMENT=20 ;

--
-- Volcado de datos para la tabla `producto_stock`
--

INSERT INTO `producto_stock` (`idproducto`, `idalmacen`, `stock`, `estado`, `idproducto_stock`) VALUES
(59, 3, 1, 0, 1),
(8, 2, 0, 0, 2),
(79, 2, 30, 0, 3),
(39, 2, 0, 1, 4),
(39, 3, 35, 0, 5),
(8, 3, 0, 1, 11),
(80, 2, 5, 0, 12),
(63, 3, 8, 0, 13),
(81, 3, 11, 0, 14),
(82, 3, 9, 0, 15),
(83, 3, 13, 0, 16),
(84, 3, 15, 0, 17),
(85, 3, 8, 0, 18),
(87, 2, 0, 0, 19);

-- --------------------------------------------------------

--
-- Estructura de tabla para la tabla `proveedor`
--

CREATE TABLE IF NOT EXISTS `proveedor` (
  `idproveedor` int(10) NOT NULL AUTO_INCREMENT,
  `idorg` int(10) NOT NULL,
  `idsede` int(10) NOT NULL,
  `descripcion` varchar(150) NOT NULL,
  `dni` varchar(20) NOT NULL,
  `direccion` varchar(250) NOT NULL,
  `estado` int(1) NOT NULL DEFAULT '0',
  PRIMARY KEY (`idproveedor`)
) ENGINE=InnoDB  DEFAULT CHARSET=latin1 AUTO_INCREMENT=58 ;

--
-- Volcado de datos para la tabla `proveedor`
--

INSERT INTO `proveedor` (`idproveedor`, `idorg`, `idsede`, `descripcion`, `dni`, `direccion`, `estado`) VALUES
(1, 1, 1, '', '', '', 0),
(2, 1, 1, '', '', '', 0),
(3, 1, 1, '', '', '', 0),
(4, 1, 1, '', '', '', 0),
(5, 1, 1, '', '', '', 0),
(6, 1, 1, '', '', '', 0),
(7, 1, 1, '', '', '', 0),
(8, 1, 1, '', '', '', 0),
(9, 1, 1, '', '', '', 0),
(10, 1, 1, '', '', '', 0),
(11, 1, 1, '', '', '', 0),
(12, 1, 1, '', '', '', 0),
(13, 1, 1, '', '', '', 0),
(14, 1, 1, '', '', '', 0),
(15, 1, 1, '', '', '', 0),
(16, 1, 1, '', '', '', 0),
(17, 1, 1, '', '', '', 0),
(18, 1, 1, '', '', '', 0),
(19, 1, 1, '', '', '', 0),
(20, 1, 1, '', '', '', 0),
(21, 1, 1, '', '', '', 0),
(22, 1, 1, '', '', '', 0),
(23, 1, 1, '', '', '', 0),
(24, 1, 1, '', '', '', 0),
(25, 1, 1, '', '', '', 0),
(26, 1, 1, '', '', '', 0),
(27, 1, 1, '', '', '', 0),
(28, 1, 1, '', '', '', 0),
(29, 1, 1, '', '', '', 0),
(30, 1, 1, '', '', '', 0),
(31, 1, 1, '', '', '', 0),
(32, 1, 1, '', '', '', 0),
(33, 1, 1, '', '', '', 0),
(34, 1, 1, '', '', '', 0),
(35, 1, 1, '', '', '', 0),
(36, 1, 1, '', '', '', 0),
(37, 1, 1, '', '', '', 0),
(38, 1, 1, '', '', '', 0),
(39, 1, 1, '', '', '', 0),
(40, 1, 1, '', '', '', 0),
(41, 1, 1, '', '', '', 0),
(42, 1, 1, '', '', '', 0),
(43, 1, 1, '', '', '', 0),
(44, 1, 1, '', '', '', 0),
(45, 1, 1, '', '', '', 0),
(46, 1, 1, '', '', '', 0),
(47, 1, 1, '', '', '', 0),
(48, 1, 1, '', '', '', 0),
(49, 1, 1, '', '', '', 0),
(50, 1, 1, '', '', '', 0),
(51, 1, 1, '', '', '', 0),
(52, 1, 1, '', '', '', 0),
(53, 1, 1, '', '', '', 0),
(54, 1, 1, '', '', '', 0),
(55, 1, 1, '', '', '', 0),
(56, 1, 1, '', '', '', 0),
(57, 1, 1, '', '', '', 0);

-- --------------------------------------------------------

--
-- Estructura de tabla para la tabla `registro_pago`
--

CREATE TABLE IF NOT EXISTS `registro_pago` (
  `idregistro_pago` int(10) NOT NULL AUTO_INCREMENT,
  `idorg` int(10) NOT NULL,
  `idsede` int(10) NOT NULL,
  `idcliente` int(10) NOT NULL,
  `idusuario` int(10) NOT NULL,
  `idusuario_permiso` int(10) NOT NULL COMMENT 'usuario permiso borrar',
  `idtipo_consumo` int(10) NOT NULL,
  `fecha` varchar(80) NOT NULL,
  `total` char(10) NOT NULL,
  `fecha_cierre` varchar(80) NOT NULL,
  `cierre` int(1) NOT NULL DEFAULT '0',
  `motivo_anular` varchar(180) NOT NULL,
  `estado` int(1) NOT NULL DEFAULT '0',
  PRIMARY KEY (`idregistro_pago`)
) ENGINE=InnoDB  DEFAULT CHARSET=latin1 AUTO_INCREMENT=207 ;

--
-- Volcado de datos para la tabla `registro_pago`
--

INSERT INTO `registro_pago` (`idregistro_pago`, `idorg`, `idsede`, `idcliente`, `idusuario`, `idusuario_permiso`, `idtipo_consumo`, `fecha`, `total`, `fecha_cierre`, `cierre`, `motivo_anular`, `estado`) VALUES
(1, 1, 1, 0, 1, 0, 1, '15/06/2017 02:27:20', '20.00', '', 1, '', 0),
(2, 1, 1, 0, 1, 0, 1, '16/06/2017 02:01:38', '520.00', '', 1, '', 0),
(3, 1, 1, 0, 1, 0, 1, '09/07/2017 02:21:17', '20.00', '', 1, '', 0),
(4, 1, 1, 0, 1, 0, 1, '09/07/2017 02:21:45', '10.00', '', 1, '', 0),
(5, 1, 1, 0, 1, 0, 1, '09/07/2017 02:21:58', '2.00', '', 1, '', 0),
(6, 1, 1, 0, 1, 0, 1, '09/07/2017 02:22:07', '10.00', '', 1, '', 0),
(7, 1, 1, 0, 1, 0, 1, '09/07/2017 02:22:19', '30.00', '', 1, '', 0),
(8, 1, 1, 0, 1, 0, 1, '09/07/2017 02:54:44', '155.00', '', 1, '', 0),
(9, 1, 1, 0, 1, 0, 1, '09/07/2017 03:09:46', '22.00', '', 1, '', 0),
(10, 1, 1, 0, 1, 0, 1, '09/07/2017 03:11:11', '44.00', '', 1, '', 0),
(11, 1, 1, 0, 1, 0, 1, '09/07/2017 03:13:16', '60.00', '', 1, '', 0),
(12, 1, 1, 0, 1, 0, 1, '09/07/2017 03:17:13', '40.00', '', 1, '', 0),
(13, 1, 1, 0, 1, 0, 1, '09/07/2017 03:17:48', '15.00', '', 1, '', 0),
(14, 1, 1, 0, 1, 0, 1, '09/07/2017 03:18:17', '30.00', '', 1, '', 0),
(15, 1, 1, 0, 1, 0, 1, '10/07/2017 02:23:15', '35.00', '', 1, '', 0),
(16, 1, 1, 0, 1, 0, 1, '10/07/2017 02:24:12', '35.00', '', 1, '', 0),
(17, 1, 1, 0, 1, 0, 1, '10/07/2017 02:32:26', '35.00', '', 1, '', 0),
(18, 1, 1, 0, 1, 0, 1, '10/07/2017 02:33:13', '35.00', '', 1, '', 0),
(19, 1, 1, 0, 1, 0, 1, '10/07/2017 02:33:45', '35.00', '', 1, '', 0),
(20, 1, 1, 0, 1, 0, 1, '10/07/2017 02:40:50', '35.00', '', 1, '', 0),
(21, 1, 1, 0, 1, 0, 1, '10/07/2017 02:43:26', '35.00', '', 1, '', 0),
(22, 1, 1, 0, 1, 0, 1, '10/07/2017 02:48:29', '35.00', '', 1, '', 0),
(23, 1, 1, 0, 1, 0, 1, '10/07/2017 02:49:50', '35.00', '', 1, '', 0),
(24, 1, 1, 0, 1, 0, 1, '10/07/2017 02:50:53', '35.00', '', 1, '', 0),
(25, 1, 1, 0, 1, 0, 1, '10/07/2017 02:51:43', '35.00', '', 1, '', 0),
(26, 1, 1, 0, 1, 0, 1, '10/07/2017 02:53:33', '35.00', '', 1, '', 0),
(27, 1, 1, 0, 1, 0, 1, '10/07/2017 02:55:51', '35.00', '', 1, '', 0),
(28, 1, 1, 0, 1, 0, 1, '10/07/2017 02:56:22', '35.00', '', 1, '', 0),
(29, 1, 1, 0, 1, 0, 1, '12/07/2017 19:07:55', '35.00', '', 1, '', 0),
(30, 1, 1, 0, 1, 0, 1, '12/07/2017 19:08:18', '100.00', '', 1, '', 0),
(31, 1, 1, 0, 1, 0, 1, '12/07/2017 19:10:07', '270.00', '', 1, '', 0),
(32, 1, 1, 0, 1, 0, 1, '12/07/2017 19:10:14', '10.00', '', 1, '', 0),
(33, 1, 1, 0, 1, 0, 1, '12/07/2017 20:40:57', '20.00', '', 1, '', 0),
(34, 1, 1, 0, 1, 0, 1, '12/07/2017 23:41:02', '15.00', '', 1, '', 0),
(35, 1, 1, 0, 1, 0, 1, '12/07/2017 23:44:28', '130.00', '', 1, '', 0),
(36, 1, 1, 0, 1, 0, 1, '13/07/2017 00:07:50', '30.00', '', 1, '', 0),
(37, 1, 1, 0, 1, 0, 1, '13/07/2017 00:09:07', '30.00', '', 1, '', 0),
(38, 1, 1, 0, 1, 0, 1, '13/07/2017 00:10:12', '30.00', '', 1, '', 0),
(39, 1, 1, 0, 1, 0, 1, '13/07/2017 00:10:52', '30.00', '', 1, '', 0),
(40, 1, 1, 0, 1, 0, 1, '13/07/2017 00:11:52', '30.00', '', 1, '', 0),
(41, 1, 1, 0, 1, 0, 1, '13/07/2017 00:13:08', '30.00', '', 1, '', 0),
(42, 1, 1, 0, 1, 0, 1, '13/07/2017 00:14:35', '30.00', '', 1, '', 0),
(43, 1, 1, 0, 1, 0, 1, '13/07/2017 00:15:03', '30.00', '', 1, '', 0),
(44, 1, 1, 0, 1, 0, 1, '13/07/2017 00:15:25', '30.00', '', 1, '', 0),
(45, 1, 1, 0, 1, 0, 1, '13/07/2017 00:16:07', '30.00', '', 1, '', 0),
(46, 1, 1, 0, 1, 0, 1, '13/07/2017 00:18:26', '30.00', '', 1, '', 0),
(47, 1, 1, 0, 1, 0, 1, '13/07/2017 00:20:01', '30.00', '', 1, '', 0),
(48, 1, 1, 0, 1, 0, 1, '13/07/2017 00:20:23', '30.00', '', 1, '', 0),
(49, 1, 1, 0, 1, 0, 1, '13/07/2017 00:21:22', '30.00', '', 1, '', 0),
(50, 1, 1, 0, 1, 0, 1, '13/07/2017 00:21:40', '30.00', '', 1, '', 0),
(51, 1, 1, 0, 1, 0, 1, '13/07/2017 00:22:03', '30.00', '', 1, '', 0),
(52, 1, 1, 0, 1, 0, 1, '13/07/2017 02:28:57', '50.00', '', 1, '', 0),
(53, 1, 1, 0, 1, 0, 1, '13/07/2017 02:31:59', '30.00', '', 1, '', 0),
(54, 1, 1, 0, 1, 0, 1, '13/07/2017 02:32:37', '30.00', '', 1, '', 0),
(55, 1, 1, 0, 1, 0, 1, '13/07/2017 02:33:24', '30.00', '', 1, '', 0),
(56, 1, 1, 0, 1, 0, 1, '13/07/2017 02:35:05', '30.00', '', 1, '', 0),
(57, 1, 1, 0, 1, 0, 1, '13/07/2017 02:35:37', '220.00', '', 1, '', 0),
(58, 1, 1, 0, 1, 0, 1, '13/07/2017 02:36:35', '120.00', '', 1, '', 0),
(59, 1, 1, 0, 1, 0, 1, '13/07/2017 02:37:19', '120.00', '', 1, '', 0),
(60, 1, 1, 0, 1, 0, 1, '13/07/2017 02:40:10', '40.00', '', 1, '', 0),
(61, 1, 1, 0, 1, 0, 1, '13/07/2017 02:40:45', '110.00', '', 1, '', 0),
(62, 1, 1, 0, 1, 0, 1, '13/07/2017 02:41:32', '220.00', '', 1, '', 0),
(63, 1, 1, 0, 1, 0, 1, '13/07/2017 02:42:44', '40.00', '', 1, '', 0),
(64, 1, 1, 0, 1, 0, 1, '13/07/2017 02:43:06', '140.00', '', 1, '', 0),
(65, 1, 1, 0, 1, 0, 1, '13/07/2017 02:44:23', '40.00', '', 1, '', 0),
(66, 1, 1, 0, 1, 0, 1, '13/07/2017 02:45:31', '130.00', '', 1, '', 0),
(67, 1, 1, 0, 1, 0, 1, '13/07/2017 02:46:08', '130.00', '', 1, '', 0),
(68, 1, 1, 0, 1, 0, 1, '13/07/2017 03:14:48', '370.00', '', 1, '', 0),
(69, 1, 1, 0, 1, 0, 1, '13/07/2017 03:28:36', '2.00', '', 1, '', 0),
(70, 1, 1, 0, 1, 0, 1, '13/07/2017 03:31:16', '25.00', '', 1, '', 0),
(71, 1, 1, 0, 1, 0, 1, '13/07/2017 04:34:48', '46.00', '', 1, '', 0),
(72, 1, 1, 0, 1, 0, 1, '13/07/2017 04:39:35', '52.00', '', 1, '', 0),
(73, 1, 1, 0, 1, 0, 1, '13/07/2017 04:43:20', '40.00', '', 1, '', 0),
(74, 1, 1, 0, 1, 0, 1, '13/07/2017 04:48:54', '37.00', '', 1, '', 0),
(75, 1, 1, 0, 1, 0, 1, '13/07/2017 04:49:30', '15.00', '', 1, '', 0),
(76, 1, 1, 0, 1, 0, 1, '13/07/2017 04:49:53', '45.00', '', 1, '', 0),
(77, 1, 1, 0, 1, 0, 1, '13/07/2017 04:52:37', '130.00', '', 1, '', 0),
(78, 1, 1, 0, 1, 0, 1, '13/07/2017 04:52:46', '20.00', '', 1, '', 0),
(79, 1, 1, 0, 1, 0, 1, '13/07/2017 04:52:52', '10.00', '', 1, '', 0),
(80, 1, 1, 0, 1, 0, 1, '13/07/2017 04:53:00', '120.00', '', 1, '', 0),
(81, 1, 1, 0, 1, 0, 1, '13/07/2017 04:53:08', '40.00', '', 1, '', 0),
(82, 1, 1, 0, 1, 0, 1, '13/07/2017 04:55:24', '37.00', '', 1, '', 0),
(83, 1, 1, 0, 1, 0, 1, '13/07/2017 04:57:13', '81.00', '', 1, '', 0),
(84, 1, 1, 0, 1, 0, 1, '13/07/2017 05:23:30', '25.00', '', 1, '', 0),
(85, 1, 1, 0, 1, 0, 1, '13/07/2017 05:26:31', '10.00', '', 1, '', 0),
(86, 1, 1, 0, 1, 0, 1, '13/07/2017 05:38:35', '16.00', '', 1, '', 0),
(87, 1, 1, 0, 1, 0, 1, '13/07/2017 05:40:27', '25.00', '', 1, '', 0),
(88, 1, 1, 0, 1, 0, 1, '13/07/2017 05:42:30', '45.00', '', 1, '', 0),
(89, 1, 1, 0, 1, 0, 1, '13/07/2017 05:43:24', '40.00', '', 1, '', 0),
(90, 1, 1, 0, 1, 0, 1, '13/07/2017 05:49:03', '45.00', '', 1, '', 0),
(91, 1, 1, 0, 1, 0, 1, '13/07/2017 05:56:22', '25.00', '', 1, '', 0),
(92, 1, 1, 0, 1, 0, 1, '13/07/2017 05:59:29', '25.00', '', 1, '', 0),
(93, 1, 1, 0, 1, 0, 1, '13/07/2017 06:00:00', '10.00', '', 1, '', 0),
(94, 1, 1, 0, 1, 0, 1, '13/07/2017 07:13:08', '35.00', '', 1, '', 0),
(95, 1, 1, 0, 1, 0, 1, '13/07/2017 07:13:41', '30.00', '', 1, '', 0),
(96, 1, 1, 0, 1, 0, 1, '13/07/2017 07:16:00', '40.00', '', 1, '', 0),
(97, 1, 1, 0, 1, 0, 1, '13/07/2017 07:16:51', '65.00', '', 1, '', 0),
(98, 1, 1, 0, 1, 0, 1, '13/07/2017 07:21:06', '10.00', '', 1, '', 0),
(99, 1, 1, 0, 1, 0, 1, '13/07/2017 07:21:22', '29.00', '', 1, '', 0),
(100, 1, 1, 0, 1, 0, 1, '13/07/2017 07:21:50', '40.00', '', 1, '', 0),
(101, 1, 1, 0, 1, 0, 1, '13/07/2017 07:21:58', '25.00', '', 1, '', 0),
(102, 1, 1, 0, 1, 0, 1, '13/07/2017 07:25:06', '73.00', '', 1, '', 0),
(103, 1, 1, 0, 1, 0, 1, '14/07/2017 23:10:23', '10.00', '', 1, '', 0),
(104, 1, 1, 0, 1, 0, 1, '14/07/2017 23:10:32', '30.00', '', 1, '', 0),
(105, 1, 1, 0, 1, 0, 1, '22/07/2017 00:25:26', '47.00', '', 1, '', 0),
(106, 1, 1, 0, 1, 0, 1, '22/07/2017 00:44:00', '40.00', '', 1, '', 0),
(107, 1, 1, 0, 1, 0, 1, '22/07/2017 00:47:37', '2.00', '', 1, '', 0),
(108, 1, 1, 0, 1, 0, 1, '22/07/2017 00:47:53', '32.00', '', 1, '', 0),
(109, 1, 1, 0, 1, 0, 1, '05/08/2017 23:27:04', '22.00', '', 1, '', 0),
(110, 1, 1, 0, 1, 0, 1, '14/08/2017 21:39:44', '16.50', '', 1, '', 0),
(111, 1, 1, 0, 1, 0, 1, '18/08/2017 17:40:22', '15.00', '', 1, '', 0),
(112, 1, 1, 0, 1, 0, 1, '18/08/2017 17:40:29', '15.00', '', 1, '', 0),
(113, 1, 1, 0, 1, 0, 1, '18/08/2017 17:40:33', '15.00', '', 1, '', 0),
(114, 1, 1, 0, 1, 0, 1, '29/08/2017 05:45:11', '67.00', '', 1, '', 0),
(115, 1, 1, 0, 1, 0, 1, '29/08/2017 05:45:16', '14.00', '', 1, '', 0),
(116, 1, 1, 0, 1, 0, 1, '29/08/2017 05:45:20', '61.00', '', 1, '', 0),
(117, 1, 1, 0, 1, 0, 1, '29/08/2017 05:45:28', '160.00', '', 1, '', 0),
(118, 1, 1, 0, 1, 0, 1, '29/08/2017 05:45:48', '28.00', '', 1, '', 0),
(119, 1, 1, 0, 1, 0, 2, '29/08/2017 05:45:54', '2.00', '', 1, '', 0),
(120, 1, 1, 0, 1, 0, 2, '29/08/2017 05:45:57', '2.00', '', 1, '', 0),
(121, 1, 1, 0, 1, 0, 2, '29/08/2017 05:46:00', '4.00', '', 1, '', 0),
(122, 1, 1, 0, 1, 0, 1, '04/09/2017 01:04:13', '12.00', '', 1, '', 0),
(123, 1, 1, 0, 1, 0, 1, '04/09/2017 01:04:54', '17.00', '', 1, '', 0),
(124, 1, 1, 0, 1, 0, 1, '13/09/2017 00:13:48', '20.00', '', 1, '', 0),
(125, 1, 1, 0, 1, 0, 2, '13/09/2017 00:29:34', '20.00', '', 1, '', 0),
(126, 1, 1, 0, 1, 0, 1, '13/09/2017 08:27:19', '40.00', '', 1, '', 0),
(127, 1, 1, 0, 1, 0, 1, '13/09/2017 08:30:32', '40.00', '', 1, '', 0),
(128, 1, 1, 0, 1, 0, 1, '13/09/2017 08:32:03', '40.00', '', 1, '', 0),
(129, 1, 1, 0, 1, 0, 1, '13/09/2017 09:20:42', '42.00', '', 1, '', 0),
(130, 1, 1, 0, 1, 0, 1, '13/09/2017 09:24:17', '42.00', '', 1, '', 0),
(131, 1, 1, 0, 1, 0, 1, '13/09/2017 11:35:00', '42.00', '', 1, '', 0),
(132, 1, 1, 0, 1, 0, 1, '13/09/2017 11:45:33', '40.00', '', 1, '', 0),
(133, 1, 1, 0, 1, 0, 1, '13/09/2017 11:46:54', '10.00', '', 1, '', 0),
(134, 1, 1, 0, 1, 0, 1, '13/09/2017 11:53:20', '43.00', '', 1, '', 0),
(135, 1, 1, 0, 1, 0, 2, '13/09/2017 11:59:07', '82.00', '', 1, '', 0),
(136, 1, 1, 0, 1, 0, 1, '13/09/2017 12:00:37', '57.00', '', 1, '', 0),
(137, 1, 1, 0, 1, 0, 1, '13/09/2017 14:58:12', '12.00', '', 1, '', 0),
(138, 1, 1, 0, 1, 0, 1, '13/09/2017 14:58:53', '12.00', '', 1, '', 0),
(139, 1, 1, 0, 1, 0, 1, '13/09/2017 15:00:12', '15.00', '', 1, '', 0),
(140, 1, 1, 0, 1, 0, 1, '13/09/2017 15:05:58', '15.00', '', 1, '', 0),
(141, 1, 1, 0, 1, 0, 1, '13/09/2017 15:07:39', '15.00', '', 1, '', 0),
(142, 1, 1, 0, 1, 0, 1, '13/09/2017 15:10:39', '20.00', '', 1, '', 0),
(143, 1, 1, 0, 1, 0, 1, '13/09/2017 15:12:40', '15.00', '', 1, '', 0),
(144, 1, 1, 0, 1, 0, 1, '13/09/2017 23:30:36', '10.00', '', 1, '', 0),
(145, 1, 1, 0, 1, 0, 1, '13/09/2017 23:31:02', '10.00', '', 1, '', 0),
(146, 1, 1, 0, 1, 0, 1, '13/09/2017 23:36:31', '10.00', '', 1, '', 0),
(147, 1, 1, 0, 1, 0, 1, '13/09/2017 23:42:14', '10.00', '', 1, '', 0),
(148, 1, 1, 0, 1, 0, 1, '13/09/2017 23:43:34', '10.00', '', 1, '', 0),
(149, 1, 1, 0, 1, 0, 1, '13/09/2017 23:45:32', '10.00', '', 1, '', 0),
(150, 1, 1, 0, 1, 0, 1, '13/09/2017 23:46:52', '10.00', '', 1, '', 0),
(151, 1, 1, 0, 1, 0, 1, '13/09/2017 23:47:21', '10.00', '', 1, '', 0),
(152, 1, 1, 0, 1, 0, 1, '13/09/2017 23:49:34', '10.00', '', 1, '', 0),
(153, 1, 1, 0, 1, 0, 1, '13/09/2017 23:51:15', '4.00', '', 1, '', 0),
(154, 1, 1, 0, 1, 0, 1, '13/09/2017 23:53:39', '10.00', '', 1, '', 0),
(155, 1, 1, 0, 1, 0, 1, '13/09/2017 23:55:14', '20.00', '', 1, '', 0),
(156, 1, 1, 0, 1, 0, 1, '13/09/2017 23:55:38', '10.00', '', 1, '', 0),
(157, 1, 1, 0, 1, 0, 1, '13/09/2017 23:56:39', '10.00', '', 1, '', 0),
(158, 1, 1, 0, 1, 0, 1, '13/09/2017 23:57:38', '10.00', '', 1, '', 0),
(159, 1, 1, 0, 1, 0, 1, '13/09/2017 23:58:56', '10.00', '', 1, '', 0),
(160, 1, 1, 0, 1, 0, 1, '13/09/2017 23:59:42', '10.00', '', 1, '', 0),
(161, 1, 1, 0, 1, 0, 1, '14/09/2017 00:00:59', '10.00', '', 1, '', 0),
(162, 1, 1, 0, 1, 0, 1, '14/09/2017 00:02:29', '10.00', '', 1, '', 0),
(163, 1, 1, 0, 1, 0, 1, '14/09/2017 00:03:26', '4.00', '', 1, '', 0),
(164, 1, 1, 0, 1, 0, 1, '14/09/2017 00:04:41', '4.00', '', 1, '', 0),
(165, 1, 1, 0, 1, 0, 1, '14/09/2017 00:05:32', '10.00', '', 1, '', 0),
(166, 1, 1, 0, 1, 0, 1, '14/09/2017 00:06:21', '10.00', '', 1, '', 0),
(167, 1, 1, 0, 1, 0, 1, '14/09/2017 00:09:51', '14.00', '', 1, '', 0),
(168, 1, 1, 0, 1, 0, 1, '14/09/2017 00:10:23', '10.00', '', 1, '', 0),
(169, 1, 1, 0, 1, 0, 1, '14/09/2017 00:10:43', '10.00', '', 1, '', 0),
(170, 1, 1, 0, 1, 0, 1, '14/09/2017 00:11:14', '10.00', '', 1, '', 0),
(171, 1, 1, 0, 1, 0, 1, '14/09/2017 00:44:58', '10.00', '', 1, '', 0),
(172, 1, 1, 0, 1, 0, 1, '15/09/2017 00:58:17', '-42.00', '', 1, '', 0),
(173, 1, 1, 0, 1, 0, 1, '15/09/2017 00:58:21', '0.00', '', 1, '', 0),
(174, 1, 1, 0, 1, 0, 1, '15/09/2017 00:58:25', '160.00', '', 1, '', 0),
(175, 1, 1, 0, 1, 0, 1, '15/09/2017 00:58:29', '-15.00', '', 1, '', 0),
(176, 1, 1, 0, 1, 0, 1, '15/09/2017 00:58:34', '20.00', '', 1, '', 0),
(177, 1, 1, 0, 1, 0, 1, '15/09/2017 00:58:39', '35.00', '', 1, '', 0),
(178, 1, 1, 0, 1, 0, 1, '15/09/2017 00:58:50', '10.00', '', 1, '', 0),
(179, 1, 1, 0, 1, 0, 1, '15/09/2017 00:59:03', '-15.00', '', 1, '', 0),
(180, 1, 1, 0, 1, 0, 1, '15/09/2017 00:59:09', '-20.00', '', 1, '', 0),
(181, 1, 1, 0, 1, 0, 2, '15/09/2017 00:59:16', '1.00', '', 1, '', 0),
(182, 1, 1, 0, 1, 0, 1, '15/09/2017 00:59:23', '10.00', '', 1, '', 0),
(183, 1, 1, 0, 1, 0, 1, '15/09/2017 00:59:30', '230.00', '', 1, '', 0),
(184, 1, 1, 0, 1, 0, 1, '15/09/2017 01:01:20', '12.00', '', 1, '', 0),
(185, 1, 1, 0, 1, 0, 1, '15/09/2017 01:01:30', '54.00', '', 1, '', 0),
(186, 1, 1, 0, 1, 0, 1, '15/09/2017 01:01:42', '89.00', '', 1, '', 0),
(187, 1, 1, 0, 1, 0, 1, '15/09/2017 01:12:23', '14.00', '', 1, '', 0),
(188, 1, 1, 0, 1, 0, 1, '15/09/2017 01:12:35', '38.00', '', 1, '', 0),
(189, 1, 1, 0, 1, 0, 1, '15/09/2017 02:04:22', '61.00', '', 1, '', 0),
(190, 1, 1, 0, 1, 0, 1, '15/09/2017 02:04:29', '32.00', '', 1, '', 0),
(191, 1, 1, 0, 1, 0, 1, '15/09/2017 02:04:34', '15.00', '', 1, '', 0),
(192, 1, 1, 0, 1, 0, 1, '15/09/2017 02:05:08', '30.00', '', 1, '', 0),
(193, 1, 1, 0, 1, 0, 1, '15/09/2017 02:05:23', '15.00', '', 1, '', 0),
(194, 1, 1, 0, 1, 0, 2, '15/09/2017 02:05:30', '29.00', '', 1, '', 0),
(195, 1, 1, 0, 1, 0, 1, '15/09/2017 02:22:20', '2.50', '', 1, '', 0),
(196, 1, 1, 0, 1, 0, 1, '15/09/2017 03:09:40', '10.00', '', 1, '', 0),
(197, 1, 1, 0, 1, 0, 1, '15/09/2017 04:02:01', '64.00', '', 1, '', 0),
(198, 1, 1, 0, 1, 0, 1, '15/09/2017 04:06:04', '30.00', '04:55:40', 1, '', 0),
(199, 1, 1, 0, 1, 0, 1, '15/09/2017 04:06:57', '30.00', '04:55:40', 1, '', 0),
(200, 1, 1, 0, 1, 0, 1, '15/09/2017 04:07:23', '22.00', '04:55:40', 1, '', 0),
(201, 1, 1, 0, 1, 0, 1, '15/09/2017 04:07:54', '40.00', '04:55:40', 1, '', 0),
(202, 1, 1, 0, 1, 1, 1, '15/09/2017 04:55:59', '40.00', '08:27:59', 1, 'por x motivos', 1),
(203, 1, 1, 0, 1, 1, 1, '15/09/2017 04:56:52', '20.00', '08:27:59', 1, 'por error', 1),
(204, 1, 1, 0, 1, 1, 1, '15/09/2017 04:57:25', '2.00', '08:27:59', 1, 'por que es una prueba', 1),
(205, 1, 1, 0, 1, 1, 1, '15/09/2017 14:22:31', '15.00', '08:27:59', 1, 'anulado desde registro pago', 1),
(206, 1, 1, 0, 1, 0, 1, '20/09/2017 23:31:38', '20.00', '', 0, '', 0);

-- --------------------------------------------------------

--
-- Estructura de tabla para la tabla `registro_pago_detalle`
--

CREATE TABLE IF NOT EXISTS `registro_pago_detalle` (
  `idregistro_pago_detalle` int(10) NOT NULL AUTO_INCREMENT,
  `idregistro_pago` int(10) NOT NULL,
  `idtipo_pago` int(10) NOT NULL,
  `importe` char(10) NOT NULL,
  `estado` int(1) NOT NULL DEFAULT '0',
  PRIMARY KEY (`idregistro_pago_detalle`)
) ENGINE=InnoDB  DEFAULT CHARSET=latin1 AUTO_INCREMENT=118 ;

--
-- Volcado de datos para la tabla `registro_pago_detalle`
--

INSERT INTO `registro_pago_detalle` (`idregistro_pago_detalle`, `idregistro_pago`, `idtipo_pago`, `importe`, `estado`) VALUES
(1, 1, 1, '20', 0),
(2, 2, 1, '520.00', 0),
(3, 3, 1, '20', 0),
(4, 4, 1, '10.00', 0),
(5, 5, 1, '2.00', 0),
(6, 6, 1, '10.00', 0),
(7, 7, 1, '30.00', 0),
(8, 8, 1, '155.00', 0),
(9, 9, 1, '22.00', 0),
(10, 10, 1, '44', 0),
(11, 11, 1, '60.00', 0),
(12, 12, 1, '40.00', 0),
(13, 13, 1, '15', 0),
(14, 14, 1, '30', 0),
(15, 32, 1, '10.00', 0),
(16, 33, 1, '20.00', 0),
(17, 69, 1, '2.00', 0),
(18, 70, 1, '25.00', 0),
(19, 71, 1, '46.00', 0),
(20, 72, 1, '52.00', 0),
(21, 73, 1, '40.00', 0),
(22, 74, 1, '37.00', 0),
(23, 75, 1, '15.00', 0),
(24, 76, 1, '45.00', 0),
(25, 77, 1, '130.00', 0),
(26, 78, 1, '20.00', 0),
(27, 79, 1, '10.00', 0),
(28, 80, 1, '120.00', 0),
(29, 81, 1, '40.00', 0),
(30, 82, 1, '37.00', 0),
(31, 83, 1, '81.00', 0),
(32, 84, 1, '25.00', 0),
(33, 85, 1, '10.00', 0),
(34, 86, 1, '16.00', 0),
(35, 87, 1, '25.00', 0),
(36, 88, 1, '45.00', 0),
(37, 89, 1, '40.00', 0),
(38, 90, 1, '45.00', 0),
(39, 91, 1, '25.00', 0),
(40, 92, 1, '25.00', 0),
(41, 93, 1, '10.00', 0),
(42, 94, 1, '35.00', 0),
(43, 95, 1, '30.00', 0),
(44, 96, 1, '40.00', 0),
(45, 97, 1, '65.00', 0),
(46, 98, 1, '10.00', 0),
(47, 99, 1, '29.00', 0),
(48, 100, 1, '40.00', 0),
(49, 101, 1, '25.00', 0),
(50, 102, 1, '73.00', 0),
(51, 103, 2, '10.00', 0),
(52, 104, 2, '30.00', 0),
(53, 105, 1, '47.00', 0),
(54, 106, 1, '40.00', 0),
(55, 107, 1, '2', 0),
(56, 108, 1, '32.00', 0),
(57, 109, 1, '22', 0),
(58, 110, 2, '16.50', 0),
(59, 111, 1, '15', 0),
(60, 112, 1, '15', 0),
(61, 113, 1, '15.00', 0),
(62, 114, 1, '67.00', 0),
(63, 115, 1, '14.00', 0),
(64, 116, 1, '61.00', 0),
(65, 117, 1, '160.00', 0),
(66, 118, 1, '28.00', 0),
(67, 119, 1, '2.00', 0),
(68, 120, 1, '2.00', 0),
(69, 121, 1, '4.00', 0),
(70, 124, 1, '20', 0),
(71, 131, 1, '42.00', 0),
(72, 131, 1, '42.00', 0),
(73, 132, 1, '40.00', 0),
(74, 133, 1, '10.00', 0),
(75, 134, 1, '43.00', 0),
(76, 135, 1, '82.00', 0),
(77, 136, 1, '57.00', 0),
(78, 137, 1, '12.00', 0),
(79, 138, 1, '12.00', 0),
(80, 141, 1, '15.00', 0),
(81, 142, 1, '20.00', 0),
(82, 143, 1, '15.00', 0),
(83, 170, 1, '10', 0),
(84, 171, 1, '10', 0),
(85, 172, 1, '-42.00', 0),
(86, 173, 1, '0', 0),
(87, 174, 1, '160', 0),
(88, 175, 1, '-15.00', 0),
(89, 176, 1, '20', 0),
(90, 177, 1, '35', 0),
(91, 179, 1, '-15.00', 0),
(92, 180, 1, '-20.00', 0),
(93, 181, 1, '1', 0),
(94, 183, 1, '230', 0),
(95, 184, 1, '12.00', 0),
(96, 185, 1, '54.00', 0),
(97, 186, 1, '89.00', 0),
(98, 187, 1, '14.00', 0),
(99, 188, 1, '38.00', 0),
(100, 189, 1, '61', 0),
(101, 190, 1, '32.00', 0),
(102, 191, 1, '15.00', 0),
(103, 192, 1, '30', 0),
(104, 193, 1, '15.00', 0),
(105, 194, 1, '29.00', 0),
(106, 195, 1, '2.50', 0),
(107, 196, 1, '10', 0),
(108, 197, 1, '64.00', 0),
(109, 198, 1, '30.00', 0),
(110, 199, 1, '30.00', 0),
(111, 200, 1, '22.00', 0),
(112, 201, 1, '40.00', 0),
(113, 202, 1, '40.00', 0),
(114, 203, 1, '20.00', 0),
(115, 204, 1, '2.00', 0),
(116, 205, 1, '15', 0),
(117, 206, 1, '20', 0);

-- --------------------------------------------------------

--
-- Estructura de tabla para la tabla `registro_pago_pedido`
--

CREATE TABLE IF NOT EXISTS `registro_pago_pedido` (
  `idregistro_pago` int(10) NOT NULL,
  `idpedido` int(10) NOT NULL,
  `idpedido_detalle` int(10) NOT NULL COMMENT 'id''s pagados',
  `cantidad` varchar(10) NOT NULL COMMENT 'total por pedido (suma de todos los idpedido_detalle)',
  `total` varchar(10) NOT NULL,
  `estado` int(1) NOT NULL DEFAULT '0'
) ENGINE=InnoDB DEFAULT CHARSET=latin1;

--
-- Volcado de datos para la tabla `registro_pago_pedido`
--

INSERT INTO `registro_pago_pedido` (`idregistro_pago`, `idpedido`, `idpedido_detalle`, `cantidad`, `total`, `estado`) VALUES
(130, 133, 343, '02', '2.00', 0),
(130, 134, 348, '01', '0.00', 0),
(130, 134, 347, '01', '0.00', 0),
(130, 133, 344, '01', '10.00', 0),
(130, 134, 346, '01', '15.00', 0),
(130, 134, 345, '01', '15.00', 0),
(131, 133, 343, '02', '2.00', 0),
(131, 134, 348, '01', '0.00', 0),
(131, 134, 347, '01', '0.00', 0),
(131, 133, 344, '01', '10.00', 0),
(131, 134, 346, '01', '15.00', 0),
(131, 134, 345, '01', '15.00', 0),
(131, 133, 343, '02', '2.00', 0),
(131, 134, 348, '01', '0.00', 0),
(131, 134, 347, '01', '0.00', 0),
(131, 133, 344, '01', '10.00', 0),
(131, 134, 346, '01', '15.00', 0),
(131, 134, 345, '01', '15.00', 0),
(132, 114, 287, '01', '0.00', 0),
(132, 114, 285, '01', '10.00', 0),
(132, 114, 288, '01', '10.00', 0),
(133, 132, 341, '01', '0.00', 0),
(133, 132, 342, '01', '10.00', 0),
(134, 130, 334, '01', '0.00', 0),
(134, 130, 333, '01', '0.00', 0),
(134, 130, 328, '01', '10.00', 0),
(134, 130, 335, '01', '10.00', 0),
(134, 130, 331, '01', '5.00', 0),
(134, 130, 330, '01', '12.00', 0),
(134, 130, 332, '01', '4.00', 0),
(134, 130, 329, '01', '2.00', 0),
(135, 115, 292, '02', '0.00', 0),
(135, 115, 290, '02', '40.00', 0),
(135, 115, 291, '01', '5.00', 0),
(135, 115, 289, '02', '16.00', 0),
(135, 115, 294, '01', '0.00', 0),
(135, 115, 293, '01', '20.00', 0),
(136, 111, 273, '01', '0.00', 0),
(136, 111, 274, '01', '10.00', 0),
(136, 111, 271, '01', '20.00', 0),
(136, 111, 272, '01', '12.00', 0),
(136, 111, 270, '01', '8.00', 0),
(136, 111, 269, '01', '7.00', 0),
(137, 143, 355, '02', '2.00', 0),
(137, 143, 356, '01', '10.00', 0),
(138, 144, 358, '01', '2.00', 0),
(138, 144, 357, '01', '0.00', 0),
(138, 144, 359, '01', '10.00', 0),
(141, 145, 362, '01', '0.00', 0),
(141, 146, 364, '01', '15.00', 0),
(142, 146, 365, '01', '0.00', 0),
(142, 145, 360, '01', '20.00', 0),
(143, 145, 361, '01', '0.00', 0),
(143, 146, 363, '01', '15.00', 0),
(170, 176, 421, '1', '10.00', 0),
(170, 176, 422, '1', '0.00', 0),
(171, 177, 423, '1', '10.00', 0),
(171, 177, 424, '1', '0.00', 0),
(172, 133, 343, '00', '-2', 0),
(172, 133, 344, '00', '-10', 0),
(172, 134, 345, '00', '-15', 0),
(173, 132, 341, '0', '0', 0),
(173, 132, 342, '0', '0', 0),
(174, 122, 311, '02', '2.00', 0),
(174, 116, 296, '01', '0.00', 0),
(174, 122, 310, '01', '0.00', 0),
(174, 129, 326, '01', '0.00', 0),
(174, 129, 324, '01', '10.00', 0),
(174, 122, 312, '01', '10.00', 0),
(174, 129, 327, '01', '10.00', 0),
(174, 122, 309, '01', '20.00', 0),
(174, 129, 325, '01', '20.00', 0),
(174, 116, 295, '01', '15.00', 0),
(174, 124, 315, '01', '5.00', 0),
(174, 124, 316, '01', '5.00', 0),
(174, 126, 319, '01', '5.00', 0),
(174, 123, 313, '01', '12.00', 0),
(174, 123, 314, '02', '24.00', 0),
(174, 126, 318, '01', '12.00', 0),
(175, 134, 345, '0', '0.00', 0),
(175, 134, 346, '0', '0', 0),
(175, 134, 347, '0', '0', 0),
(175, 134, 348, '0', '0', 0),
(176, 114, 285, '0', '0', 0),
(176, 114, 286, '2', '40.00', 0),
(176, 114, 287, '0', '0', 0),
(176, 114, 288, '0', '0', 0),
(177, 145, 360, '01', '20', 0),
(177, 146, 363, '01', '15.00', 0),
(179, 134, 345, '0', '0.00', 0),
(179, 134, 346, '0', '0.00', 0),
(179, 134, 347, '0', '0.00', 0),
(179, 134, 348, '0', '0.00', 0),
(180, 114, 285, '0', '0.00', 0),
(180, 114, 286, '0', '0.00', 0),
(180, 114, 287, '0', '0.00', 0),
(180, 114, 288, '0', '0.00', 0),
(181, 115, 289, '0', '0', 0),
(181, 115, 290, '0', '0', 0),
(181, 115, 291, '0', '0', 0),
(181, 115, 292, '0', '0', 0),
(181, 115, 293, '0', '0', 0),
(181, 115, 294, '0', '0', 0),
(183, 117, 299, '01', '2.00', 0),
(183, 131, 339, '01', '0.00', 0),
(183, 112, 280, '01', '0.00', 0),
(183, 117, 298, '01', '0.00', 0),
(183, 120, 307, '02', '0.00', 0),
(183, 131, 338, '01', '0.00', 0),
(183, 120, 306, '01', '10.00', 0),
(183, 135, 349, '01', '10.00', 0),
(183, 120, 308, '01', '10.00', 0),
(183, 131, 340, '03', '30.00', 0),
(183, 135, 350, '02', '20.00', 0),
(183, 131, 336, '01', '20.00', 0),
(183, 112, 278, '02', '30.00', 0),
(183, 112, 277, '01', '15.00', 0),
(183, 117, 297, '01', '15.00', 0),
(183, 131, 337, '02', '10.00', 0),
(183, 112, 279, '01', '12.00', 0),
(183, 112, 276, '01', '8.00', 0),
(183, 112, 275, '02', '14.00', 0),
(184, 125, 317, '01', '12.00', 0),
(185, 179, 429, '01', '0.00', 0),
(185, 180, 432, '01', '2.00', 0),
(185, 179, 428, '01', '0.00', 0),
(185, 180, 431, '01', '2.00', 0),
(185, 179, 430, '01', '10.00', 0),
(185, 179, 427, '02', '40.00', 0),
(186, 136, 354, '01', '0.00', 0),
(186, 113, 284, '01', '0.00', 0),
(186, 119, 304, '01', '0.00', 0),
(186, 136, 353, '01', '0.00', 0),
(186, 119, 305, '01', '10.00', 0),
(186, 113, 282, '01', '15.00', 0),
(186, 136, 352, '01', '15.00', 0),
(186, 113, 281, '02', '30.00', 0),
(186, 136, 351, '01', '15.00', 0),
(186, 119, 303, '01', '2.00', 0),
(186, 113, 283, '02', '2.00', 0),
(187, 181, 433, '2', '4.00', 0),
(187, 181, 434, '1', '10.00', 0),
(187, 181, 435, '1', '0.00', 0),
(188, 182, 436, '2', '16.00', 0),
(188, 182, 437, '1', '20.00', 0),
(188, 182, 438, '1', '2.00', 0),
(189, 184, 445, '01', '0.00', 0),
(189, 184, 446, '02', '20.00', 0),
(189, 184, 444, '01', '20.00', 0),
(189, 184, 442, '02', '5.00', 0),
(189, 184, 443, '02', '16.00', 0),
(190, 183, 440, '01', '15.00', 0),
(190, 183, 441, '01', '12.00', 0),
(191, 185, 449, '01', '0.00', 0),
(191, 185, 448, '01', '10.00', 0),
(192, 186, 452, '01', '10.00', 0),
(192, 186, 451, '01', '15.00', 0),
(192, 186, 451, '01', '15.00', 0),
(192, 186, 452, '01', '10.00', 0),
(193, 189, 465, '01', '10.00', 0),
(193, 189, 464, '02', '5.00', 0),
(194, 187, 457, '01', '2.00', 0),
(194, 187, 456, '01', '5.00', 0),
(194, 187, 454, '02', '5.00', 0),
(194, 187, 455, '01', '8.00', 0),
(194, 187, 453, '01', '7.00', 0),
(194, 187, 458, '01', '2.00', 0),
(195, 190, 466, '01', '2.50', 0),
(196, 191, 472, '1', '10.00', 0),
(197, 190, 470, '01', '0.00', 0),
(197, 190, 468, '01', '10.00', 0),
(197, 190, 471, '01', '10.00', 0),
(197, 190, 469, '01', '20.00', 0),
(197, 190, 467, '03', '24.00', 0),
(198, 192, 473, '1', '10.00', 0),
(198, 192, 474, '1', '20.00', 0),
(198, 192, 475, '1', '0.00', 0),
(198, 192, 476, '1', '0.00', 0),
(199, 193, 477, '1', '20.00', 0),
(199, 193, 478, '1', '10.00', 0),
(200, 194, 479, '1', '8.00', 0),
(200, 194, 480, '1', '10.00', 0),
(200, 194, 481, '1', '4.00', 0),
(201, 195, 482, '02', '20.00', 0),
(201, 195, 483, '01', '20.00', 0),
(202, 198, 489, '1', '10.00', 0),
(202, 198, 490, '1', '20.00', 0),
(202, 198, 491, '1', '0.00', 0),
(202, 198, 492, '1', '10.00', 0),
(203, 199, 493, '01', '0.00', 0),
(203, 196, 485, '01', '-2.00', 0),
(203, 196, 486, '01', '10.00', 0),
(203, 199, 494, '01', '10.00', 0),
(204, 201, 497, '01', '2.00', 0),
(205, 205, 506, '01', '8.00', 0),
(205, 205, 505, '01', '7.00', 0),
(206, 212, 521, '01', '0.00', 0),
(206, 213, 524, '01', '0.00', 0),
(206, 214, 525, '01', '10.00', 0),
(206, 212, 522, '01', '10.00', 0);

--
-- Disparadores `registro_pago_pedido`
--
DROP TRIGGER IF EXISTS `restar_pedido_pd`;
DELIMITER //
CREATE TRIGGER `restar_pedido_pd` AFTER INSERT ON `registro_pago_pedido`
 FOR EACH ROW begin
update pedido_detalle set cantidad=(cantidad-new.cantidad), ptotal=format(ptotal-new.total,2),pagado=if(ptotal=0,1,0), idregistro_pago=new.idregistro_pago where idpedido_detalle=new.idpedido_detalle;
update pedido set total=total-new.total, estado=if(total=0,2,estado),idregistro_pago=if(total=0,new.idregistro_pago,idregistro_pago) where idpedido=new.idpedido;
end
//
DELIMITER ;

-- --------------------------------------------------------

--
-- Estructura de tabla para la tabla `regla_carta`
--

CREATE TABLE IF NOT EXISTS `regla_carta` (
  `idregla_carta` int(10) NOT NULL AUTO_INCREMENT,
  `idorg` int(10) NOT NULL,
  `idsede` int(10) NOT NULL,
  `idcategoria` int(10) NOT NULL,
  `idseccion` int(10) NOT NULL,
  `idseccion_detalle` int(10) NOT NULL,
  `estado` int(1) NOT NULL DEFAULT '0',
  PRIMARY KEY (`idregla_carta`)
) ENGINE=InnoDB  DEFAULT CHARSET=latin1 AUTO_INCREMENT=3 ;

--
-- Volcado de datos para la tabla `regla_carta`
--

INSERT INTO `regla_carta` (`idregla_carta`, `idorg`, `idsede`, `idcategoria`, `idseccion`, `idseccion_detalle`, `estado`) VALUES
(1, 1, 1, 1, 10, 9, 0),
(2, 1, 1, 1, 1, 9, 0);

-- --------------------------------------------------------

--
-- Estructura de tabla para la tabla `seccion`
--

CREATE TABLE IF NOT EXISTS `seccion` (
  `idseccion` int(10) NOT NULL AUTO_INCREMENT,
  `idorg` int(10) NOT NULL,
  `idsede` int(10) NOT NULL,
  `descripcion` varchar(80) NOT NULL,
  `imprimir` int(1) NOT NULL DEFAULT '0' COMMENT '1:no mostrar al imprimir la carta',
  `idimpresora` int(10) NOT NULL DEFAULT '1',
  `sec_orden` int(1) NOT NULL,
  `ver_stock_cero` int(1) NOT NULL DEFAULT '0',
  `estado` int(1) NOT NULL DEFAULT '0',
  PRIMARY KEY (`idseccion`)
) ENGINE=InnoDB  DEFAULT CHARSET=latin1 AUTO_INCREMENT=11 ;

--
-- Volcado de datos para la tabla `seccion`
--

INSERT INTO `seccion` (`idseccion`, `idorg`, `idsede`, `descripcion`, `imprimir`, `idimpresora`, `sec_orden`, `ver_stock_cero`, `estado`) VALUES
(1, 1, 1, 'PLATOS A LA CARTA', 0, 19, 3, 0, 0),
(2, 1, 1, 'ESPECIAL DEL DIA', 0, 0, 0, 0, 0),
(3, 1, 1, 'DESAYUNOS', 0, 19, 0, 0, 0),
(4, 1, 1, 'BEBIDAS CALIENTES', 0, 21, 4, 0, 0),
(5, 1, 1, 'REFRESCOS / JUGOS', 0, 21, 4, 0, 0),
(6, 1, 1, 'GUARNICIONES', 0, 19, 0, 0, 0),
(7, 1, 1, 'TRAGOS', 0, 21, 0, 0, 0),
(8, 1, 1, 'HELADOS', 0, 0, 5, 0, 0),
(9, 1, 1, 'ENTRADAS', 0, 19, 1, 0, 0),
(10, 1, 1, 'SEGUNDOS', 0, 19, 2, 0, 0);

-- --------------------------------------------------------

--
-- Estructura de tabla para la tabla `sede`
--

CREATE TABLE IF NOT EXISTS `sede` (
  `idsede` int(10) NOT NULL AUTO_INCREMENT,
  `idorg` int(10) NOT NULL,
  `nombre` varchar(255) NOT NULL,
  `direccion` varchar(255) NOT NULL,
  `eslogan` varchar(80) NOT NULL,
  `mesas` varchar(4) NOT NULL,
  `maximo_pedidos_x_hora` int(1) NOT NULL DEFAULT '100',
  `estado` int(1) NOT NULL DEFAULT '0',
  PRIMARY KEY (`idsede`)
) ENGINE=InnoDB  DEFAULT CHARSET=latin1 AUTO_INCREMENT=2 ;

--
-- Volcado de datos para la tabla `sede`
--

INSERT INTO `sede` (`idsede`, `idorg`, `nombre`, `direccion`, `eslogan`, `mesas`, `maximo_pedidos_x_hora`, `estado`) VALUES
(1, 1, 'SAN CARLOS - BT', 'SAN MARTIN / MOYOBAMBA', 'TRADICION DESDE 1997. BIENVENIDOS.', '22', 10, 0);

-- --------------------------------------------------------

--
-- Estructura de tabla para la tabla `tipo_consumo`
--

CREATE TABLE IF NOT EXISTS `tipo_consumo` (
  `idtipo_consumo` int(10) NOT NULL AUTO_INCREMENT,
  `idorg` int(10) NOT NULL,
  `idsede` int(10) NOT NULL,
  `descripcion` varchar(30) NOT NULL,
  `titulo` varchar(50) NOT NULL COMMENT 'titulo que imprime en el ticket',
  `estado` int(1) NOT NULL DEFAULT '0',
  PRIMARY KEY (`idtipo_consumo`)
) ENGINE=InnoDB  DEFAULT CHARSET=latin1 AUTO_INCREMENT=3 ;

--
-- Volcado de datos para la tabla `tipo_consumo`
--

INSERT INTO `tipo_consumo` (`idtipo_consumo`, `idorg`, `idsede`, `descripcion`, `titulo`, `estado`) VALUES
(1, 1, 1, 'CONSUMIR EN EL LOCAL', 'LOCAL', 0),
(2, 1, 1, 'PARA LLEVAR', '', 0);

-- --------------------------------------------------------

--
-- Estructura de tabla para la tabla `tipo_pago`
--

CREATE TABLE IF NOT EXISTS `tipo_pago` (
  `idtipo_pago` int(10) NOT NULL AUTO_INCREMENT,
  `descripcion` varchar(30) NOT NULL,
  `limite` int(1) NOT NULL DEFAULT '0' COMMENT '1:puede poner cualquier monto',
  `estado` int(10) NOT NULL DEFAULT '0',
  PRIMARY KEY (`idtipo_pago`)
) ENGINE=InnoDB  DEFAULT CHARSET=latin1 AUTO_INCREMENT=4 ;

--
-- Volcado de datos para la tabla `tipo_pago`
--

INSERT INTO `tipo_pago` (`idtipo_pago`, `descripcion`, `limite`, `estado`) VALUES
(1, 'EFECTIVO', 1, 0),
(2, 'TARJETA', 0, 0),
(3, 'CREDITO', 0, 0);

-- --------------------------------------------------------

--
-- Estructura de tabla para la tabla `usuario`
--

CREATE TABLE IF NOT EXISTS `usuario` (
  `idusuario` int(10) NOT NULL AUTO_INCREMENT,
  `idorg` int(10) NOT NULL,
  `idsede` int(10) NOT NULL,
  `nombres` varchar(255) NOT NULL,
  `cargo` varchar(80) NOT NULL,
  `usuario` varchar(20) NOT NULL,
  `pass` varchar(20) NOT NULL,
  `acc` varchar(255) NOT NULL,
  `per` varchar(20) NOT NULL,
  `estado` int(1) NOT NULL DEFAULT '0',
  PRIMARY KEY (`idusuario`)
) ENGINE=InnoDB  DEFAULT CHARSET=latin1 AUTO_INCREMENT=9 ;

--
-- Volcado de datos para la tabla `usuario`
--

INSERT INTO `usuario` (`idusuario`, `idorg`, `idsede`, `nombres`, `cargo`, `usuario`, `pass`, `acc`, `per`, `estado`) VALUES
(1, 1, 1, 'MARCEL RAMIREZ', 'ADM', 'mramirez', '123456', 'A1,A2,A3,A4,A5,A6,A7,A8,B1,B2,B3,B4,B5,B6,B7,C1,C2,', 'Pe1,Pe2,Pe3,Pe4,', 0),
(2, 1, 1, 'ARMANDO JUNIOR', 'ASISTENTE DE CAJA', 'jramirez', '123456', 'ABCD', '', 0),
(3, 1, 1, 'ARMANDO RAMIREZ', 'ASISTENTE DE CAJA', 'aramirez', '123456', 'ABCD', '', 0),
(4, 1, 1, 'ORLANDO', 'ANFITRION', 'odiaz', '123456', 'A2,', '', 0),
(5, 1, 1, 'FLOR MONTEZA', 'SUPERVISOR CAJA', 'fmonteza', '123456', 'ABCDHIJKL', 'ABCD', 0),
(6, 0, 0, 'JHON CELIS', 'MOZO', 'jcelis', '123456', 'B', '', 0),
(7, 1, 1, 'JHON CELIS', 'MOZO', 'jcelis', '123456', 'B', '', 0),
(8, 1, 1, 'CARLOS LOPEZ', 'MOZO', 'clopez', '123456', 'B', '', 0);

-- --------------------------------------------------------

--
-- Estructura de tabla para la tabla `usuario_tipo`
--

CREATE TABLE IF NOT EXISTS `usuario_tipo` (
  `idusuario_tipo` int(2) NOT NULL AUTO_INCREMENT,
  `descripcion` varchar(30) NOT NULL,
  `acc` varchar(80) NOT NULL,
  `estado` int(1) NOT NULL DEFAULT '0',
  PRIMARY KEY (`idusuario_tipo`)
) ENGINE=InnoDB  DEFAULT CHARSET=latin1 AUTO_INCREMENT=3 ;

--
-- Volcado de datos para la tabla `usuario_tipo`
--

INSERT INTO `usuario_tipo` (`idusuario_tipo`, `descripcion`, `acc`, `estado`) VALUES
(1, 'ADMIN', '', 0),
(2, 'ADMINISTRADOR', '', 0);

-- --------------------------------------------------------

--
-- Estructura de tabla para la tabla `us_home_opciones`
--

CREATE TABLE IF NOT EXISTS `us_home_opciones` (
  `codigo` varchar(5) NOT NULL,
  `num_opcion` int(11) NOT NULL,
  `titulo` varchar(80) NOT NULL,
  `url_pas` varchar(100) NOT NULL,
  `img` varchar(200) NOT NULL,
  `idgrupo` int(1) NOT NULL,
  `estado` int(1) NOT NULL DEFAULT '0'
) ENGINE=InnoDB DEFAULT CHARSET=latin1;

--
-- Volcado de datos para la tabla `us_home_opciones`
--

INSERT INTO `us_home_opciones` (`codigo`, `num_opcion`, `titulo`, `url_pas`, `img`, `idgrupo`, `estado`) VALUES
('A1', 2, 'Elaborar Carta', 'elaborar_carta', '_e_carta.png', 0, 0),
('A2', 3, 'Realizar Pedidos', 'menu,sub_menu,mipedido', '_r_pedido.png', 0, 0),
('A3', 8, 'Caja', 'caja', '_caja.png', 0, 0),
('A4', 9, 'Control de pedidos', 'c_pedido', '_c_pedido.png', 0, 0),
('A5', 16, 'Venta Rapida', 'venta_rapida', '_venta_rapida.png', 0, 0),
('A6', 19, 'Monitoreo del stock', 'monitor_pedidos', '_monitor_pedido.png', 0, 0),
('A7', 20, 'Registro de pagos', 'historial_ventas', 'x_historial_venta.png', 0, 0),
('B1', 12, 'Compras', 'compras', '_compras.png', 1, 0),
('B2', 13, 'Distribuicion', 'distribuicion', '_distribuicion.png', 1, 0),
('B3', 14, 'Porcionar', 'porcionar', '_porcionar.png', 1, 0),
('B4', 15, 'Recetas y costos', 'recetas', '_recetas.png', 1, 0),
('B5', 17, 'Productos Porciones', 'producto_porcion', '_almacen_producto.png', 1, 0),
('B6', 18, 'Entradas y Salidas del almacen', 'ie_almacen', '_ie_almacen.png', 1, 0),
('C1', 7, 'Datos del sistema', 'configuraciones', '_config.png', 2, 0),
('C2', 6, 'Usuarios', 'usuarios', '_usuario.png', 2, 0),
('B7', 21, 'Inventario', 'inventario', '_inventario.png', 1, 0),
('A8', 23, 'Zona de despacho', 'zona_despacho', '_despacho.png', 0, 0);

/*!40101 SET CHARACTER_SET_CLIENT=@OLD_CHARACTER_SET_CLIENT */;
/*!40101 SET CHARACTER_SET_RESULTS=@OLD_CHARACTER_SET_RESULTS */;
/*!40101 SET COLLATION_CONNECTION=@OLD_COLLATION_CONNECTION */;
